


ALIGNED8 u8 ccm_dl__0_ci8[] = {
	0x00, 0x01, 0x02, 0x03, 0x04, 0x05, 0x06, 0x07, 
	0x08, 0x09, 0x0a, 0x05, 0x0b, 0x0c, 0x0c, 0x0d, 
	0x06, 0x0e, 0x0e, 0x06, 0x09, 0x02, 0x0f, 0x10, 
	0x0b, 0x10, 0x0a, 0x10, 0x0b, 0x11, 0x0b, 0x10, 
	0x0f, 0x12, 0x13, 0x14, 0x0f, 0x15, 0x01, 0x0f, 
	0x0b, 0x16, 0x17, 0x0c, 0x18, 0x0b, 0x19, 0x0c, 
	0x16, 0x10, 0x0b, 0x08, 0x0f, 0x1a, 0x0f, 0x0f, 
	0x0f, 0x1a, 0x1b, 0x16, 0x16, 0x1c, 0x11, 0x1d, 
	0x0a, 0x1e, 0x1d, 0x1f, 0x05, 0x05, 0x18, 0x20, 
	0x16, 0x14, 0x21, 0x1c, 0x1c, 0x22, 0x23, 0x24, 
	0x0b, 0x0a, 0x1d, 0x0f, 0x22, 0x16, 0x05, 0x0b, 
	0x14, 0x25, 0x05, 0x0b, 0x26, 0x27, 0x21, 0x16, 
	0x1d, 0x28, 0x0a, 0x1a, 0x29, 0x1f, 0x21, 0x16, 
	0x23, 0x1a, 0x2a, 0x27, 0x2b, 0x23, 0x2c, 0x25, 
	0x16, 0x0c, 0x0f, 0x0f, 0x2d, 0x05, 0x2e, 0x14, 
	0x25, 0x1a, 0x18, 0x1a, 0x2f, 0x1a, 0x29, 0x14, 
	0x0f, 0x1d, 0x0a, 0x30, 0x18, 0x2d, 0x0a, 0x28, 
	0x1a, 0x2d, 0x24, 0x23, 0x30, 0x22, 0x1a, 0x2b, 
	0x0b, 0x0b, 0x16, 0x31, 0x14, 0x0a, 0x16, 0x0c, 
	0x1a, 0x0c, 0x16, 0x2b, 0x25, 0x18, 0x26, 0x2f, 
	0x0f, 0x32, 0x0f, 0x1d, 0x0a, 0x17, 0x33, 0x0c, 
	0x2f, 0x2d, 0x19, 0x34, 0x14, 0x0b, 0x35, 0x05, 
	0x05, 0x0c, 0x0f, 0x16, 0x0f, 0x0b, 0x11, 0x14, 
	0x0c, 0x25, 0x36, 0x16, 0x37, 0x23, 0x22, 0x2f, 
	0x0b, 0x38, 0x06, 0x39, 0x0b, 0x1d, 0x0c, 0x1a, 
	0x15, 0x0c, 0x1d, 0x25, 0x3a, 0x0f, 0x14, 0x05, 
	0x0f, 0x04, 0x3b, 0x06, 0x14, 0x0c, 0x38, 0x0f, 
	0x05, 0x1d, 0x0b, 0x18, 0x1d, 0x0f, 0x1d, 0x2e, 
	0x01, 0x3c, 0x3d, 0x3e, 0x0c, 0x1c, 0x3f, 0x0c, 
	0x16, 0x0d, 0x1f, 0x0f, 0x0f, 0x0a, 0x40, 0x0a, 
	0x3b, 0x09, 0x08, 0x0d, 0x41, 0x0b, 0x0a, 0x05, 
	0x08, 0x0d, 0x0a, 0x16, 0x16, 0x0d, 0x0f, 0x16, 
	
};

ALIGNED8 u8 ccm_dl__0_pal_rgba16[] = {
	0x3a, 0x4d, 0x74, 0x1b, 0x63, 0x97, 0x95, 0x25, 
	0x53, 0x13, 0x84, 0x5f, 0x4a, 0xd3, 0x9d, 0x25, 
	0x5b, 0x55, 0x5b, 0x57, 0x5b, 0x15, 0x6b, 0x99, 
	0x52, 0xd3, 0x6b, 0xdb, 0x53, 0x15, 0x63, 0x57, 
	0x4a, 0x91, 0x42, 0x4f, 0xc6, 0x6f, 0x4a, 0xd1, 
	0x8c, 0xa1, 0xa5, 0x67, 0x7c, 0x1d, 0xad, 0x67, 
	0x6b, 0x57, 0xad, 0xa9, 0x94, 0xa3, 0x39, 0xcb, 
	0x94, 0xe5, 0x73, 0xdb, 0x94, 0xe3, 0xb5, 0xeb, 
	0xd6, 0xb3, 0x94, 0xa1, 0x84, 0x1d, 0x8c, 0x5f, 
	0x94, 0xa5, 0x7b, 0xdb, 0xa5, 0x25, 0x73, 0x99, 
	0xc6, 0x2d, 0x7b, 0xdd, 0xce, 0x71, 0x8c, 0x61, 
	0xd6, 0xf3, 0x84, 0x1f, 0x6b, 0x59, 0x73, 0x9b, 
	0xce, 0xb1, 0x63, 0x15, 0xb6, 0x2b, 0xad, 0x69, 
	0x4a, 0x51, 0xbd, 0xeb, 0x63, 0x17, 0x5a, 0xd3, 
	0x7c, 0x5f, 0xb6, 0x2d, 0xce, 0x6f, 0x7c, 0x5d, 
	0xbe, 0x6f, 0x74, 0x1d, 0x6b, 0xd9, 0x9d, 0x65, 
	0xbe, 0x2d, 0x63, 0x99, 
};

ALIGNED8 u8 ccm_dl__5_ci8[] = {
	0x00, 0x01, 0x02, 0x03, 0x04, 0x05, 0x06, 0x07, 
	0x08, 0x08, 0x06, 0x09, 0x0a, 0x04, 0x0b, 0x0c, 
	0x00, 0x0d, 0x0d, 0x0e, 0x06, 0x0a, 0x0a, 0x0f, 
	0x08, 0x10, 0x08, 0x11, 0x12, 0x13, 0x0c, 0x11, 
	0x14, 0x15, 0x14, 0x16, 0x17, 0x18, 0x19, 0x1a, 
	0x1b, 0x1c, 0x1d, 0x1e, 0x1f, 0x20, 0x21, 0x1e, 
	0x22, 0x14, 0x23, 0x08, 0x17, 0x24, 0x25, 0x1a, 
	0x26, 0x27, 0x28, 0x29, 0x29, 0x27, 0x2a, 0x29, 
	0x17, 0x2b, 0x16, 0x2c, 0x2d, 0x2e, 0x2f, 0x30, 
	0x31, 0x32, 0x32, 0x33, 0x34, 0x35, 0x36, 0x34, 
	0x20, 0x19, 0x2d, 0x37, 0x2e, 0x38, 0x39, 0x3a, 
	0x31, 0x3b, 0x3c, 0x3d, 0x3e, 0x3f, 0x40, 0x41, 
	0x1f, 0x42, 0x37, 0x43, 0x44, 0x45, 0x46, 0x47, 
	0x31, 0x36, 0x48, 0x49, 0x4a, 0x4b, 0x4c, 0x4d, 
	0x4e, 0x4f, 0x1f, 0x2b, 0x1c, 0x2e, 0x50, 0x39, 
	0x51, 0x32, 0x3d, 0x52, 0x53, 0x54, 0x55, 0x54, 
	0x19, 0x56, 0x57, 0x58, 0x1b, 0x20, 0x19, 0x59, 
	0x5a, 0x5b, 0x32, 0x5c, 0x48, 0x5d, 0x5e, 0x5f, 
	0x17, 0x23, 0x12, 0x60, 0x61, 0x08, 0x4e, 0x62, 
	0x63, 0x64, 0x47, 0x65, 0x36, 0x66, 0x67, 0x53, 
	0x68, 0x58, 0x69, 0x60, 0x68, 0x6a, 0x6b, 0x69, 
	0x56, 0x1a, 0x6c, 0x6d, 0x6e, 0x6f, 0x70, 0x53, 
	0x23, 0x23, 0x68, 0x08, 0x08, 0x0c, 0x71, 0x72, 
	0x08, 0x1c, 0x37, 0x29, 0x3a, 0x6e, 0x41, 0x41, 
	0x56, 0x73, 0x68, 0x74, 0x08, 0x60, 0x60, 0x75, 
	0x76, 0x19, 0x1c, 0x77, 0x78, 0x79, 0x40, 0x40, 
	0x1f, 0x7a, 0x23, 0x7b, 0x61, 0x14, 0x72, 0x14, 
	0x7c, 0x08, 0x77, 0x77, 0x29, 0x7d, 0x4b, 0x7e, 
	0x2d, 0x7f, 0x1f, 0x16, 0x68, 0x80, 0x81, 0x06, 
	0x17, 0x2b, 0x82, 0x37, 0x65, 0x3d, 0x83, 0x84, 
	0x77, 0x1f, 0x23, 0x16, 0x23, 0x06, 0x85, 0x86, 
	0x87, 0x88, 0x37, 0x89, 0x46, 0x8a, 0x66, 0x5d, 
	
};

ALIGNED8 u8 ccm_dl__5_pal_rgba16[] = {
	0x29, 0x23, 0x41, 0xe7, 0x39, 0xa5, 0x84, 0x37, 
	0x29, 0xa5, 0x5b, 0x2f, 0x31, 0xe5, 0x73, 0xf5, 
	0x32, 0x25, 0x52, 0xed, 0x42, 0x67, 0x29, 0x63, 
	0x3a, 0x27, 0x31, 0xa5, 0x21, 0x63, 0x19, 0x61, 
	0x21, 0xa1, 0x21, 0x61, 0x3a, 0x67, 0x19, 0x1f, 
	0x29, 0xa3, 0xbd, 0xfd, 0x4a, 0xe9, 0x42, 0xa7, 
	0x84, 0xb9, 0x32, 0x65, 0x3a, 0xe7, 0x3a, 0xa7, 
	0x53, 0x6b, 0x8c, 0xf9, 0x2a, 0x23, 0x3a, 0xa5, 
	0x42, 0xe7, 0x8c, 0xfb, 0x52, 0xeb, 0x3a, 0x65, 
	0x63, 0xef, 0x22, 0x23, 0x2a, 0xa5, 0x64, 0x2f, 
	0x01, 0x5b, 0x43, 0x67, 0x11, 0x9d, 0x4b, 0x29, 
	0xa5, 0xfd, 0x43, 0x29, 0x4b, 0x6b, 0x4b, 0xab, 
	0x95, 0xfd, 0x5c, 0x6f, 0x6c, 0xb1, 0x75, 0x35, 
	0x75, 0x33, 0x5c, 0x6d, 0x64, 0xaf, 0x32, 0xa5, 
	0x53, 0xed, 0x5c, 0x2f, 0x33, 0x25, 0x43, 0xa7, 
	0x4c, 0x2b, 0x3b, 0xa5, 0x75, 0x75, 0x43, 0xe7, 
	0x5c, 0xad, 0x4c, 0x6b, 0xae, 0x7d, 0x53, 0xad, 
	0x5b, 0xed, 0x95, 0xbd, 0x53, 0xeb, 0x54, 0x2d, 
	0x9e, 0xbd, 0x44, 0x29, 0x64, 0xef, 0x54, 0xad, 
	0xaf, 0x7d, 0x54, 0xa9, 0x53, 0x6d, 0x21, 0xe1, 
	0x3b, 0x27, 0x4b, 0xe9, 0x6d, 0x31, 0x44, 0x69, 
	0x65, 0x2f, 0x44, 0x67, 0x42, 0xe9, 0x2a, 0x25, 
	0xad, 0xfd, 0xa6, 0x3d, 0x6c, 0x71, 0x43, 0xa9, 
	0x54, 0x6b, 0x4c, 0x69, 0x6d, 0x71, 0x54, 0xeb, 
	0x42, 0xa9, 0x4a, 0xeb, 0x19, 0xa1, 0x64, 0x31, 
	0x32, 0xe5, 0x54, 0x2b, 0x3b, 0xe5, 0x6d, 0x73, 
	0x29, 0xe5, 0x29, 0xe3, 0x94, 0xfd, 0x84, 0x77, 
	0x8d, 0x79, 0x22, 0x61, 0x54, 0x6d, 0x33, 0x65, 
	0x96, 0xbd, 0x08, 0x9d, 0x5b, 0x2d, 0x4b, 0x2b, 
	0xa5, 0x7d, 0x63, 0x71, 0x94, 0xbb, 0x43, 0x27, 
	0xa6, 0x7d, 0x2b, 0x23, 0x19, 0x9f, 0x3a, 0x25, 
	0x5b, 0x6d, 0x2b, 0x25, 0x2b, 0x65, 0xae, 0x3d, 
	0x7c, 0x35, 0x73, 0xf3, 0x95, 0x7b, 0x96, 0x7d, 
	0x44, 0x27, 0x31, 0xa3, 0x5b, 0x2b, 0x42, 0x65, 
	0x42, 0xa5, 0x53, 0xab, 0x3b, 0xa7, 
};

ALIGNED8 u8 ccm_dl__3_ci8[] = {
	0x00, 0x01, 0x02, 0x03, 0x04, 0x05, 0x04, 0x06, 
	0x04, 0x07, 0x08, 0x09, 0x08, 0x0a, 0x0b, 0x0c, 
	0x0d, 0x0b, 0x0d, 0x0e, 0x0f, 0x10, 0x08, 0x11, 
	0x10, 0x12, 0x13, 0x14, 0x15, 0x16, 0x17, 0x0f, 
	0x18, 0x19, 0x12, 0x1a, 0x07, 0x1b, 0x1c, 0x1d, 
	0x1d, 0x1c, 0x1e, 0x1f, 0x20, 0x21, 0x22, 0x23, 
	0x24, 0x25, 0x26, 0x20, 0x1c, 0x27, 0x28, 0x29, 
	0x2a, 0x2b, 0x2c, 0x2d, 0x2e, 0x2f, 0x30, 0x29, 
	0x23, 0x31, 0x20, 0x32, 0x29, 0x33, 0x34, 0x35, 
	0x36, 0x37, 0x36, 0x38, 0x39, 0x3a, 0x3b, 0x3c, 
	0x21, 0x3d, 0x3e, 0x3f, 0x2d, 0x33, 0x2b, 0x40, 
	0x41, 0x42, 0x43, 0x44, 0x45, 0x46, 0x47, 0x48, 
	0x3e, 0x49, 0x3f, 0x33, 0x4a, 0x4b, 0x4c, 0x4d, 
	0x36, 0x37, 0x4e, 0x4f, 0x50, 0x48, 0x51, 0x52, 
	0x1c, 0x23, 0x53, 0x28, 0x3e, 0x54, 0x34, 0x2b, 
	0x55, 0x38, 0x56, 0x57, 0x58, 0x59, 0x5a, 0x59, 
	0x5b, 0x5c, 0x5d, 0x5e, 0x20, 0x5f, 0x34, 0x60, 
	0x61, 0x2d, 0x62, 0x3a, 0x63, 0x48, 0x64, 0x65, 
	0x66, 0x5b, 0x67, 0x17, 0x1a, 0x53, 0x21, 0x12, 
	0x68, 0x2c, 0x69, 0x4d, 0x4f, 0x48, 0x6a, 0x52, 
	0x66, 0x6b, 0x6c, 0x5c, 0x08, 0x6d, 0x6e, 0x12, 
	0x6c, 0x33, 0x6f, 0x70, 0x37, 0x71, 0x72, 0x58, 
	0x67, 0x73, 0x5b, 0x74, 0x0b, 0x01, 0x14, 0x75, 
	0x12, 0x76, 0x34, 0x2e, 0x77, 0x78, 0x79, 0x79, 
	0x66, 0x24, 0x12, 0x7a, 0x7b, 0x26, 0x04, 0x7c, 
	0x6d, 0x7d, 0x4a, 0x69, 0x7e, 0x7f, 0x80, 0x81, 
	0x5c, 0x5b, 0x5c, 0x82, 0x83, 0x04, 0x26, 0x7b, 
	0x84, 0x07, 0x4a, 0x70, 0x42, 0x79, 0x85, 0x81, 
	0x29, 0x32, 0x86, 0x6c, 0x5d, 0x1b, 0x87, 0x6c, 
	0x84, 0x5c, 0x88, 0x40, 0x7f, 0x89, 0x8a, 0x85, 
	0x4a, 0x29, 0x8b, 0x10, 0x86, 0x8c, 0x07, 0x8d, 
	0x5d, 0x8c, 0x34, 0x36, 0x4d, 0x8e, 0x85, 0x8f, 
	
};

ALIGNED8 u8 ccm_dl__3_pal_rgba16[] = {
	0x73, 0x89, 0xa4, 0x95, 0x9c, 0x95, 0xc5, 0x9d, 
	0x93, 0xcf, 0xbc, 0xd9, 0xcd, 0x9f, 0x93, 0xd1, 
	0x9c, 0x11, 0xc5, 0x1b, 0x93, 0xcd, 0x94, 0x11, 
	0xa4, 0x93, 0x8b, 0xcd, 0x94, 0x51, 0x8b, 0x8d, 
	0xa4, 0x55, 0x93, 0x4d, 0x8b, 0x4d, 0x8b, 0x0b, 
	0x83, 0x0b, 0xbc, 0x99, 0x83, 0x4b, 0x93, 0x8f, 
	0x94, 0x53, 0xf6, 0xe7, 0xc5, 0x1d, 0xd5, 0xa1, 
	0xac, 0x57, 0xa3, 0xd3, 0xe5, 0xe5, 0x93, 0x0d, 
	0x9b, 0xd3, 0xa4, 0x15, 0xee, 0x25, 0x8b, 0x0d, 
	0xbc, 0xdb, 0x83, 0x4d, 0xac, 0x99, 0xc4, 0xdd, 
	0xac, 0x15, 0xa3, 0xd5, 0x93, 0x11, 0xc4, 0x9d, 
	0x7a, 0x49, 0xb4, 0x19, 0xa3, 0x95, 0xcc, 0xe1, 
	0x8a, 0xcf, 0xc5, 0x1f, 0xf6, 0x27, 0xbc, 0x9b, 
	0x93, 0x51, 0xf6, 0x6b, 0xab, 0xd7, 0xbc, 0x1b, 
	0xc4, 0x5d, 0xdc, 0xe5, 0xab, 0xd9, 0xa3, 0x97, 
	0xcc, 0xa1, 0x9b, 0x91, 0xac, 0x17, 0x9b, 0x93, 
	0x9b, 0x53, 0xb4, 0x1b, 0xa3, 0x55, 0xab, 0x99, 
	0x92, 0xd3, 0xd4, 0xa3, 0x9a, 0xd5, 0xb3, 0xdb, 
	0xab, 0x59, 0xf6, 0x25, 0xb4, 0x59, 0xe5, 0xa5, 
	0xcc, 0x9f, 0xab, 0x97, 0xf6, 0xb1, 0xa3, 0x57, 
	0x9b, 0x15, 0xf6, 0xb3, 0xa2, 0xd7, 0x93, 0x4f, 
	0xb4, 0x57, 0x9b, 0x55, 0x92, 0x8f, 0xbb, 0xdb, 
	0xa3, 0x17, 0xbb, 0xdf, 0x9a, 0x95, 0x9b, 0xd1, 
	0xb4, 0x99, 0x93, 0x91, 0xf6, 0xa9, 0xc4, 0x9b, 
	0xf6, 0x69, 0xcc, 0xdf, 0xbc, 0x5d, 0xf5, 0xeb, 
	0xc4, 0x21, 0xb3, 0x9b, 0xa4, 0x13, 0xac, 0x55, 
	0xbc, 0x9d, 0xb4, 0x5b, 0xbb, 0xdd, 0xf6, 0xe9, 
	0x9c, 0x13, 0xdd, 0xe3, 0xd5, 0xe1, 0xd5, 0x21, 
	0x92, 0xcf, 0x8a, 0x4f, 0xf6, 0x6f, 0x93, 0x8d, 
	0xac, 0x95, 0xbd, 0x1b, 0xbc, 0xdd, 0x92, 0xd1, 
	0xb3, 0xd9, 0xab, 0x57, 0xee, 0x65, 0x9c, 0x53, 
	0xbd, 0x1d, 0x7a, 0x89, 0xf5, 0xe9, 0x92, 0x91, 
	0xc4, 0x1d, 0xab, 0x17, 0x8b, 0x4f, 0xcd, 0x5f, 
	0xac, 0x97, 0x92, 0x0f, 0x9c, 0x15, 0xde, 0x25, 
	0xdd, 0x65, 0x89, 0xcd, 0xf6, 0x31, 0x9b, 0xd5, 
	0xa4, 0x57, 0xb4, 0xdb, 0xa3, 0x15, 0xaa, 0xd5, 
	
};

ALIGNED8 u8 ccm_dl__3_ci8_copy[] = {
	0x00, 0x01, 0x02, 0x02, 0x03, 0x03, 0x04, 0x03, 
	0x03, 0x05, 0x02, 0x06, 0x04, 0x07, 0x05, 0x01, 
	0x08, 0x09, 0x0a, 0x0a, 0x0b, 0x0c, 0x0d, 0x06, 
	0x06, 0x03, 0x0d, 0x0a, 0x0e, 0x0f, 0x02, 0x01, 
	0x08, 0x0b, 0x10, 0x06, 0x06, 0x11, 0x12, 0x12, 
	0x10, 0x04, 0x06, 0x13, 0x14, 0x15, 0x16, 0x05, 
	0x17, 0x0a, 0x0c, 0x0c, 0x18, 0x14, 0x19, 0x1a, 
	0x06, 0x1b, 0x15, 0x14, 0x0c, 0x04, 0x0b, 0x01, 
	0x17, 0x1c, 0x1d, 0x06, 0x1e, 0x1e, 0x1f, 0x12, 
	0x20, 0x21, 0x1b, 0x22, 0x23, 0x07, 0x15, 0x0a, 
	0x17, 0x24, 0x15, 0x15, 0x25, 0x26, 0x0c, 0x14, 
	0x1f, 0x27, 0x1b, 0x18, 0x06, 0x0f, 0x04, 0x05, 
	0x02, 0x18, 0x11, 0x11, 0x1f, 0x1f, 0x12, 0x12, 
	0x28, 0x11, 0x20, 0x19, 0x15, 0x29, 0x1d, 0x09, 
	0x2a, 0x25, 0x16, 0x1c, 0x10, 0x0a, 0x05, 0x1c, 
	0x1b, 0x18, 0x12, 0x1f, 0x1f, 0x2b, 0x11, 0x01, 
	0x17, 0x1e, 0x1e, 0x1e, 0x1c, 0x1e, 0x12, 0x2c, 
	0x1f, 0x04, 0x0c, 0x0c, 0x05, 0x14, 0x18, 0x09, 
	0x2d, 0x0a, 0x04, 0x1c, 0x1e, 0x2e, 0x05, 0x11, 
	0x1c, 0x04, 0x04, 0x1d, 0x01, 0x05, 0x1f, 0x01, 
	0x01, 0x2f, 0x1e, 0x18, 0x1f, 0x1f, 0x06, 0x1e, 
	0x1f, 0x1e, 0x0b, 0x30, 0x06, 0x05, 0x24, 0x31, 
	0x2a, 0x0a, 0x0d, 0x04, 0x32, 0x1c, 0x04, 0x1e, 
	0x12, 0x1e, 0x18, 0x2c, 0x12, 0x11, 0x20, 0x04, 
	0x01, 0x1e, 0x1f, 0x1c, 0x21, 0x1e, 0x2f, 0x1e, 
	0x20, 0x06, 0x15, 0x15, 0x06, 0x14, 0x0c, 0x00, 
	0x2a, 0x0a, 0x0b, 0x20, 0x33, 0x11, 0x34, 0x1c, 
	0x1f, 0x35, 0x36, 0x37, 0x2b, 0x38, 0x35, 0x05, 
	0x05, 0x1e, 0x39, 0x1e, 0x12, 0x33, 0x18, 0x1e, 
	0x12, 0x12, 0x1d, 0x14, 0x35, 0x10, 0x0c, 0x2a, 
	0x00, 0x2e, 0x06, 0x03, 0x06, 0x04, 0x1e, 0x2f, 
	0x2b, 0x1b, 0x20, 0x1c, 0x20, 0x12, 0x2b, 0x02, 
	0x3a, 0x2c, 0x12, 0x1d, 0x2c, 0x1e, 0x12, 0x1c, 
	0x06, 0x0b, 0x1c, 0x04, 0x1f, 0x18, 0x15, 0x2a, 
	0x3b, 0x0b, 0x20, 0x35, 0x02, 0x05, 0x05, 0x1f, 
	0x1e, 0x12, 0x1b, 0x3c, 0x3c, 0x1b, 0x2c, 0x05, 
	0x02, 0x1d, 0x2c, 0x1c, 0x1e, 0x04, 0x1e, 0x1c, 
	0x06, 0x1f, 0x04, 0x33, 0x06, 0x1f, 0x1c, 0x2a, 
	0x2a, 0x04, 0x1a, 0x1e, 0x1c, 0x1c, 0x06, 0x3d, 
	0x34, 0x1c, 0x33, 0x11, 0x03, 0x1a, 0x11, 0x04, 
	0x03, 0x18, 0x11, 0x06, 0x3e, 0x06, 0x1c, 0x04, 
	0x06, 0x04, 0x1c, 0x06, 0x1e, 0x12, 0x06, 0x3b, 
	0x00, 0x1e, 0x11, 0x11, 0x1c, 0x0f, 0x04, 0x0b, 
	0x1f, 0x12, 0x1f, 0x04, 0x00, 0x00, 0x05, 0x17, 
	0x01, 0x1c, 0x06, 0x06, 0x06, 0x05, 0x05, 0x06, 
	0x04, 0x06, 0x01, 0x39, 0x1c, 0x04, 0x1c, 0x09, 
	0x31, 0x39, 0x19, 0x0b, 0x10, 0x1c, 0x04, 0x34, 
	0x1a, 0x04, 0x04, 0x04, 0x3f, 0x40, 0x30, 0x40, 
	0x09, 0x18, 0x05, 0x04, 0x1d, 0x1f, 0x02, 0x04, 
	0x02, 0x08, 0x09, 0x05, 0x05, 0x04, 0x18, 0x2a, 
	0x31, 0x05, 0x04, 0x04, 0x0d, 0x1c, 0x1e, 0x41, 
	0x0f, 0x1e, 0x02, 0x04, 0x1e, 0x42, 0x07, 0x0b, 
	0x00, 0x02, 0x04, 0x43, 0x1c, 0x11, 0x02, 0x08, 
	0x01, 0x01, 0x08, 0x05, 0x05, 0x02, 0x04, 0x00, 
	0x31, 0x05, 0x06, 0x04, 0x04, 0x1c, 0x06, 0x10, 
	0x2c, 0x06, 0x0a, 0x05, 0x05, 0x18, 0x19, 0x09, 
	0x00, 0x09, 0x08, 0x05, 0x09, 0x0b, 0x09, 0x00, 
	0x09, 0x00, 0x09, 0x01, 0x05, 0x01, 0x2d, 0x00, 
	0x2a, 0x00, 0x44, 0x3a, 0x05, 0x17, 0x04, 0x05, 
	0x09, 0x01, 0x45, 0x17, 0x45, 0x02, 0x00, 0x00, 
	0x00, 0x46, 0x3b, 0x3b, 0x3b, 0x3b, 0x3b, 0x3b, 
	0x3b, 0x3b, 0x3b, 0x3b, 0x3b, 0x3b, 0x2a, 0x00, 
	0x2d, 0x2a, 0x3b, 0x3b, 0x3b, 0x3b, 0x3b, 0x3b, 
	0x3b, 0x3b, 0x3b, 0x3b, 0x3b, 0x3b, 0x31, 0x00, 
	0x31, 0x05, 0x05, 0x04, 0x40, 0x40, 0x0a, 0x05, 
	0x01, 0x08, 0x05, 0x08, 0x04, 0x06, 0x0f, 0x01, 
	0x01, 0x00, 0x39, 0x08, 0x01, 0x08, 0x05, 0x02, 
	0x05, 0x04, 0x47, 0x05, 0x05, 0x02, 0x08, 0x00, 
	0x2d, 0x06, 0x1a, 0x06, 0x0a, 0x19, 0x10, 0x06, 
	0x18, 0x04, 0x18, 0x1e, 0x0e, 0x11, 0x0b, 0x01, 
	0x00, 0x0a, 0x0a, 0x10, 0x41, 0x14, 0x18, 0x11, 
	0x11, 0x0c, 0x0c, 0x1e, 0x34, 0x1c, 0x41, 0x31, 
	0x01, 0x33, 0x04, 0x0a, 0x0b, 0x02, 0x1a, 0x18, 
	0x04, 0x02, 0x02, 0x14, 0x3f, 0x0b, 0x02, 0x00, 
	0x00, 0x24, 0x25, 0x0a, 0x05, 0x0a, 0x19, 0x02, 
	0x04, 0x0c, 0x18, 0x0b, 0x0b, 0x1c, 0x1c, 0x00, 
	0x01, 0x11, 0x28, 0x06, 0x1e, 0x12, 0x2f, 0x12, 
	0x28, 0x3c, 0x29, 0x15, 0x04, 0x05, 0x39, 0x00, 
	0x00, 0x25, 0x04, 0x41, 0x19, 0x0c, 0x0a, 0x0a, 
	0x1c, 0x28, 0x1d, 0x0b, 0x10, 0x1e, 0x04, 0x2d, 
	0x01, 0x0b, 0x0a, 0x12, 0x12, 0x18, 0x12, 0x27, 
	0x27, 0x1b, 0x1d, 0x19, 0x07, 0x11, 0x0f, 0x09, 
	0x00, 0x0c, 0x43, 0x07, 0x15, 0x0a, 0x0a, 0x04, 
	0x0b, 0x1f, 0x1f, 0x18, 0x1f, 0x08, 0x04, 0x2a, 
	0x01, 0x06, 0x12, 0x12, 0x1d, 0x1d, 0x37, 0x1f, 
	0x1c, 0x12, 0x18, 0x14, 0x10, 0x1f, 0x05, 0x3a, 
	0x3a, 0x0b, 0x0c, 0x19, 0x0c, 0x25, 0x48, 0x0a, 
	0x02, 0x06, 0x1f, 0x23, 0x1e, 0x48, 0x0a, 0x2d, 
	0x3a, 0x06, 0x1b, 0x1b, 0x1b, 0x20, 0x11, 0x1d, 
	0x2b, 0x11, 0x18, 0x16, 0x15, 0x1c, 0x04, 0x3a, 
	0x2a, 0x17, 0x0c, 0x14, 0x0b, 0x19, 0x19, 0x48, 
	0x17, 0x1f, 0x2c, 0x49, 0x1b, 0x0c, 0x45, 0x2a, 
	0x00, 0x1f, 0x12, 0x2b, 0x1b, 0x20, 0x11, 0x1e, 
	0x1f, 0x2c, 0x0a, 0x0c, 0x0c, 0x05, 0x08, 0x31, 
	0x2a, 0x0a, 0x18, 0x12, 0x1b, 0x28, 0x19, 0x0e, 
	0x0a, 0x06, 0x1f, 0x12, 0x11, 0x10, 0x1d, 0x2d, 
	0x01, 0x04, 0x18, 0x1c, 0x2f, 0x1e, 0x1e, 0x1f, 
	0x1c, 0x02, 0x24, 0x15, 0x19, 0x03, 0x06, 0x2d, 
	0x2a, 0x17, 0x11, 0x06, 0x04, 0x06, 0x04, 0x05, 
	0x02, 0x1b, 0x35, 0x18, 0x06, 0x05, 0x39, 0x2a, 
	0x3a, 0x05, 0x04, 0x06, 0x1c, 0x01, 0x04, 0x05, 
	0x04, 0x06, 0x0b, 0x45, 0x17, 0x02, 0x10, 0x00, 
	0x3b, 0x04, 0x10, 0x1f, 0x02, 0x05, 0x04, 0x0a, 
	0x06, 0x1c, 0x1c, 0x2f, 0x33, 0x02, 0x08, 0x2a, 
	0x03, 0x11, 0x2b, 0x1c, 0x1c, 0x05, 0x05, 0x0b, 
	0x05, 0x06, 0x1c, 0x0b, 0x06, 0x1c, 0x04, 0x2a, 
	0x2a, 0x04, 0x0b, 0x10, 0x0f, 0x04, 0x05, 0x02, 
	0x2b, 0x2f, 0x1d, 0x18, 0x06, 0x05, 0x04, 0x00, 
	0x09, 0x11, 0x1f, 0x0f, 0x39, 0x02, 0x06, 0x04, 
	0x19, 0x04, 0x0f, 0x0f, 0x06, 0x11, 0x04, 0x00, 
	0x00, 0x2c, 0x34, 0x2b, 0x1f, 0x02, 0x02, 0x18, 
	0x11, 0x1e, 0x11, 0x1e, 0x06, 0x10, 0x02, 0x31, 
	0x00, 0x01, 0x05, 0x04, 0x02, 0x02, 0x0b, 0x1c, 
	0x0b, 0x04, 0x05, 0x05, 0x06, 0x04, 0x06, 0x31, 
	0x31, 0x39, 0x0b, 0x04, 0x04, 0x02, 0x02, 0x18, 
	0x0f, 0x06, 0x05, 0x06, 0x04, 0x0f, 0x06, 0x2a, 
	0x09, 0x02, 0x04, 0x05, 0x06, 0x41, 0x04, 0x0b, 
	0x0c, 0x0a, 0x08, 0x39, 0x06, 0x04, 0x02, 0x31, 
	0x31, 0x08, 0x05, 0x08, 0x04, 0x04, 0x04, 0x02, 
	0x02, 0x06, 0x02, 0x02, 0x02, 0x0a, 0x08, 0x2a, 
	0x00, 0x39, 0x02, 0x05, 0x06, 0x06, 0x02, 0x05, 
	0x0b, 0x05, 0x05, 0x08, 0x04, 0x02, 0x3a, 0x00, 
	0x00, 0x09, 0x39, 0x39, 0x02, 0x06, 0x1c, 0x06, 
	0x06, 0x06, 0x06, 0x39, 0x02, 0x06, 0x09, 0x3b, 
	0x31, 0x3a, 0x00, 0x2a, 0x00, 0x2d, 0x00, 0x4a, 
	0x31, 0x3b, 0x31, 0x31, 0x00, 0x00, 0x00, 0x3a, 
	0x2a, 0x3b, 0x3b, 0x00, 0x00, 0x31, 0x00, 0x00, 
	0x31, 0x31, 0x31, 0x31, 0x00, 0x00, 0x2d, 0x31, 
	
};

ALIGNED8 u8 ccm_dl__3_pal_rgba16_copy[] = {
	0x08, 0x45, 0x10, 0x89, 0x19, 0x0d, 0x18, 0xcb, 
	0x19, 0x0f, 0x10, 0xcb, 0x21, 0x51, 0x19, 0x95, 
	0x10, 0xc9, 0x08, 0x87, 0x11, 0x0d, 0x19, 0x51, 
	0x19, 0x93, 0x19, 0x4f, 0x19, 0x53, 0x21, 0x0f, 
	0x21, 0x53, 0x29, 0xd9, 0x32, 0x1b, 0x32, 0x5d, 
	0x21, 0xd7, 0x22, 0x19, 0x22, 0x1b, 0x08, 0x89, 
	0x21, 0x95, 0x11, 0x0f, 0x21, 0x97, 0x32, 0x5f, 
	0x21, 0x93, 0x2a, 0x1b, 0x29, 0xd7, 0x29, 0x95, 
	0x32, 0x1d, 0x2a, 0x19, 0x2a, 0x5d, 0x2a, 0x1f, 
	0x19, 0xd5, 0x11, 0x51, 0x22, 0x17, 0x3a, 0xa5, 
	0x32, 0x61, 0x2a, 0x5f, 0x00, 0x03, 0x32, 0x19, 
	0x29, 0xdb, 0x00, 0x43, 0x08, 0xcb, 0x29, 0xd5, 
	0x22, 0x9d, 0x08, 0x43, 0x21, 0x4f, 0x29, 0x93, 
	0x29, 0x97, 0x32, 0x1f, 0x2a, 0x1d, 0x3a, 0x61, 
	0x3a, 0x63, 0x18, 0xcd, 0x08, 0x47, 0x00, 0x01, 
	0x32, 0x21, 0x19, 0x11, 0x21, 0x55, 0x19, 0x91, 
	0x11, 0x4f, 0x21, 0xd5, 0x19, 0xd7, 0x21, 0xd9, 
	0x10, 0x87, 0x08, 0xc9, 0x08, 0x03, 0x10, 0xcd, 
	0x09, 0x0b, 0x3a, 0xa7, 0x08, 0x85, 
};

ALIGNED8 u8 ccm_dl_chains_rgba16[] = {
	0x00, 0x00, 0x00, 0x00, 0x00, 0x00, 0x00, 0x00, 
	0x00, 0x00, 0x00, 0x00, 0x00, 0x00, 0x00, 0x00, 
	0x00, 0x00, 0x00, 0x00, 0x00, 0x00, 0x00, 0x00, 
	0x00, 0x00, 0x00, 0x00, 0x00, 0x00, 0x00, 0x00, 
	0x00, 0x00, 0x00, 0x00, 0x00, 0x00, 0x00, 0x00, 
	0x00, 0x00, 0x00, 0x00, 0x00, 0x00, 0x00, 0x00, 
	0x00, 0x00, 0x00, 0x00, 0x00, 0x00, 0x00, 0x00, 
	0x00, 0x00, 0x00, 0x00, 0x00, 0x00, 0x00, 0x00, 
	0x00, 0x00, 0x00, 0x00, 0x00, 0x00, 0x00, 0x00, 
	0x00, 0x00, 0x00, 0x00, 0x00, 0x00, 0x00, 0x00, 
	0x00, 0x00, 0x00, 0x00, 0x00, 0x00, 0x00, 0x00, 
	0x00, 0x00, 0x00, 0x00, 0x00, 0x00, 0x00, 0x00, 
	0x00, 0x00, 0x00, 0x00, 0x00, 0x00, 0x00, 0x00, 
	0x00, 0x00, 0x00, 0x00, 0x00, 0x00, 0x00, 0x00, 
	0x00, 0x00, 0x00, 0x00, 0x00, 0x00, 0x00, 0x00, 
	0x00, 0x00, 0x00, 0x00, 0x00, 0x00, 0x00, 0x00, 
	0x00, 0x00, 0x00, 0x00, 0x00, 0x00, 0x00, 0x00, 
	0x00, 0x00, 0x00, 0x00, 0x00, 0x00, 0x00, 0x00, 
	0x00, 0x00, 0x00, 0x00, 0xd4, 0xb9, 0xd4, 0xb9, 
	0xcc, 0xb7, 0xcc, 0xb7, 0xdd, 0x3b, 0xe5, 0xbb, 
	0xd5, 0xf7, 0xce, 0x35, 0xce, 0x75, 0xce, 0xb3, 
	0xc6, 0xf3, 0xbe, 0xf1, 0x00, 0x00, 0x00, 0x00, 
	0x00, 0x00, 0x00, 0x00, 0x00, 0x00, 0x00, 0x00, 
	0x00, 0x00, 0x00, 0x00, 0x00, 0x00, 0x00, 0x00, 
	0x00, 0x00, 0x00, 0x00, 0x00, 0x00, 0x00, 0x00, 
	0x00, 0x00, 0x00, 0x00, 0x00, 0x00, 0x00, 0x00, 
	0xd4, 0xfb, 0xcc, 0xb7, 0xcc, 0xb9, 0xdc, 0xfb, 
	0xd4, 0xfb, 0xe5, 0x7d, 0xf5, 0xfd, 0xe5, 0xfd, 
	0xd6, 0x39, 0xd6, 0x77, 0xd6, 0xb7, 0xce, 0xb5, 
	0xc6, 0xb3, 0xbe, 0xf1, 0xb7, 0x2f, 0x00, 0x00, 
	0x00, 0x00, 0x00, 0x00, 0x00, 0x00, 0x00, 0x00, 
	0x00, 0x00, 0x00, 0x00, 0x00, 0x00, 0x00, 0x00, 
	0x00, 0x00, 0x00, 0x00, 0x00, 0x00, 0x00, 0x00, 
	0x00, 0x00, 0x00, 0x00, 0x00, 0x00, 0xcc, 0xf9, 
	0xcc, 0xf9, 0xc4, 0xb7, 0xcc, 0xb7, 0xd4, 0xfb, 
	0xd4, 0xfb, 0xdd, 0x7d, 0xe5, 0xbd, 0xd5, 0x7b, 
	0xcd, 0xb7, 0xd6, 0x77, 0xde, 0xb9, 0xd6, 0xf7, 
	0xc6, 0xf3, 0xbe, 0xf3, 0xbf, 0x71, 0xbf, 0xb1, 
	0x00, 0x00, 0x00, 0x00, 0x00, 0x00, 0x00, 0x00, 
	0x00, 0x00, 0x00, 0x00, 0x00, 0x00, 0x00, 0x00, 
	0x00, 0x00, 0x00, 0x00, 0x00, 0x00, 0x00, 0x00, 
	0x00, 0x00, 0x00, 0x00, 0xd5, 0xbd, 0xd5, 0x7d, 
	0xcc, 0xf9, 0xcc, 0xb9, 0xd4, 0xfb, 0xd4, 0xfb, 
	0xcc, 0xf9, 0xcc, 0xb9, 0xcc, 0xf9, 0xc4, 0xf7, 
	0xbd, 0x33, 0xce, 0x37, 0xde, 0xb9, 0xd6, 0xf9, 
	0xce, 0xf7, 0xcf, 0x35, 0xcf, 0xb5, 0xc7, 0xb5, 
	0xaf, 0x6f, 0x00, 0x00, 0x00, 0x00, 0x00, 0x00, 
	0x00, 0x00, 0x00, 0x00, 0x00, 0x00, 0x00, 0x00, 
	0x00, 0x00, 0x00, 0x00, 0x00, 0x00, 0x00, 0x00, 
	0x00, 0x00, 0x00, 0x00, 0xc5, 0x37, 0xbc, 0xb7, 
	0xc4, 0xf9, 0xd5, 0x3d, 0xd5, 0x3d, 0xd5, 0x3d, 
	0xcc, 0xfb, 0xc4, 0xf9, 0xc4, 0xb9, 0xc4, 0xf7, 
	0xbd, 0x75, 0xce, 0x37, 0xde, 0xb9, 0xde, 0xf9, 
	0xd7, 0x39, 0xcf, 0x79, 0xcf, 0xb7, 0xc7, 0xb5, 
	0xb7, 0x71, 0xaf, 0x6f, 0x00, 0x00, 0x00, 0x00, 
	0x00, 0x00, 0x00, 0x00, 0x00, 0x00, 0x00, 0x00, 
	0x00, 0x00, 0x00, 0x00, 0x00, 0x00, 0x00, 0x00, 
	0x00, 0x00, 0xc5, 0x77, 0xbd, 0x35, 0xb4, 0xb5, 
	0xbc, 0xf9, 0xcd, 0x3d, 0xcc, 0xfb, 0xc4, 0xfb, 
	0xd5, 0x7d, 0xcd, 0x3d, 0xc4, 0xf9, 0xc5, 0x39, 
	0xcd, 0xb9, 0xd6, 0x39, 0xd6, 0xbb, 0xd6, 0xf9, 
	0xd7, 0x39, 0xcf, 0x79, 0xc7, 0x77, 0xb7, 0x73, 
	0xb7, 0x71, 0xaf, 0x71, 0x00, 0x00, 0x00, 0x00, 
	0x00, 0x00, 0x00, 0x00, 0x00, 0x00, 0x00, 0x00, 
	0x00, 0x00, 0x00, 0x00, 0x00, 0x00, 0x00, 0x00, 
	0x00, 0x00, 0xb5, 0x33, 0xbd, 0x77, 0xbd, 0x37, 
	0xd5, 0xfd, 0xcd, 0x7d, 0xb4, 0xb7, 0xbc, 0xb9, 
	0xcd, 0x3d, 0x00, 0x00, 0x00, 0x00, 0x00, 0x00, 
	0x00, 0x00, 0x00, 0x00, 0xc6, 0x37, 0xd6, 0xbb, 
	0xd7, 0x3b, 0xcf, 0x39, 0xbf, 0x35, 0xb7, 0x33, 
	0xb7, 0x73, 0xaf, 0x71, 0x00, 0x00, 0x00, 0x00, 
	0x00, 0x00, 0x00, 0x00, 0x00, 0x00, 0x00, 0x00, 
	0x00, 0x00, 0x00, 0x00, 0x00, 0x00, 0x00, 0x00, 
	0x00, 0x00, 0xad, 0x73, 0xc5, 0xb9, 0xb4, 0xf7, 
	0xc5, 0x7b, 0xcd, 0x7d, 0xb4, 0xf9, 0xb4, 0xb9, 
	0x00, 0x00, 0x00, 0x00, 0x00, 0x00, 0x00, 0x00, 
	0x00, 0x00, 0x00, 0x00, 0x00, 0x00, 0xc6, 0x79, 
	0xc6, 0xb9, 0xbe, 0xf7, 0xb6, 0xf5, 0xae, 0xf3, 
	0xb7, 0x75, 0xb7, 0x73, 0x00, 0x00, 0x00, 0x00, 
	0x00, 0x00, 0x00, 0x00, 0x00, 0x00, 0x00, 0x00, 
	0x00, 0x00, 0x00, 0x00, 0x00, 0x00, 0x00, 0x00, 
	0x00, 0x00, 0xad, 0x75, 0xc5, 0xfb, 0xb5, 0x37, 
	0xac, 0xf7, 0xc5, 0x7d, 0xbd, 0x3b, 0x00, 0x00, 
	0x00, 0x00, 0x00, 0x00, 0x00, 0x00, 0x00, 0x00, 
	0x00, 0x00, 0x00, 0x00, 0x00, 0x00, 0x00, 0x00, 
	0xbe, 0x77, 0xb6, 0xb7, 0xbe, 0xf7, 0xbf, 0x77, 
	0xb7, 0x75, 0xb7, 0x75, 0x00, 0x00, 0x00, 0x00, 
	0x00, 0x00, 0x00, 0x00, 0x00, 0x00, 0x00, 0x00, 
	0x00, 0x00, 0x00, 0x00, 0x00, 0x00, 0x00, 0x00, 
	0x00, 0x00, 0xb5, 0xb7, 0xc5, 0xfb, 0xb5, 0x79, 
	0xac, 0xf5, 0xbd, 0x7b, 0xb4, 0xf9, 0x00, 0x00, 
	0x00, 0x00, 0x00, 0x00, 0x00, 0x00, 0x00, 0x00, 
	0x00, 0x00, 0x00, 0x00, 0x00, 0x00, 0x00, 0x00, 
	0xb6, 0x77, 0xb6, 0xb7, 0xb6, 0xf7, 0xbf, 0x77, 
	0xb7, 0x75, 0xb7, 0x75, 0x00, 0x00, 0x00, 0x00, 
	0x00, 0x00, 0x00, 0x00, 0x00, 0x00, 0x00, 0x00, 
	0x00, 0x00, 0x00, 0x00, 0x00, 0x00, 0x00, 0x00, 
	0x00, 0x00, 0xbd, 0xf9, 0xb5, 0xb9, 0xbd, 0xbb, 
	0xb5, 0x39, 0xbd, 0x7b, 0xb4, 0xf9, 0x00, 0x00, 
	0x00, 0x00, 0x00, 0x00, 0x00, 0x00, 0x00, 0x00, 
	0x00, 0x00, 0x00, 0x00, 0x00, 0x00, 0x00, 0x00, 
	0xb6, 0x77, 0xb6, 0x77, 0xae, 0xb5, 0xae, 0xf5, 
	0xaf, 0x35, 0xaf, 0x75, 0x00, 0x00, 0x00, 0x00, 
	0x00, 0x00, 0x00, 0x00, 0x00, 0x00, 0x00, 0x00, 
	0x00, 0x00, 0x00, 0x00, 0x00, 0x00, 0x00, 0x00, 
	0x00, 0x00, 0xb5, 0xf9, 0xad, 0x77, 0xb5, 0xbb, 
	0xbd, 0xbd, 0xbd, 0x7b, 0xac, 0xf9, 0x00, 0x00, 
	0x00, 0x00, 0x00, 0x00, 0x00, 0x00, 0x00, 0x00, 
	0x00, 0x00, 0x00, 0x00, 0x00, 0x00, 0x00, 0x00, 
	0xb6, 0x79, 0xb6, 0xb9, 0xb6, 0xf9, 0xb7, 0x37, 
	0xae, 0xf5, 0xaf, 0x75, 0x00, 0x00, 0x00, 0x00, 
	0x00, 0x00, 0x00, 0x00, 0x00, 0x00, 0x00, 0x00, 
	0x00, 0x00, 0x00, 0x00, 0x00, 0x00, 0x00, 0x00, 
	0x00, 0x00, 0xad, 0xf7, 0xad, 0x77, 0xb5, 0x79, 
	0xbd, 0xbb, 0xbd, 0xbd, 0xad, 0x39, 0x00, 0x00, 
	0x00, 0x00, 0x00, 0x00, 0x00, 0x00, 0x00, 0x00, 
	0x00, 0x00, 0x00, 0x00, 0x00, 0x00, 0x00, 0x00, 
	0xb6, 0x79, 0xbe, 0xfb, 0xbf, 0x3b, 0xbf, 0x79, 
	0xaf, 0x37, 0xaf, 0x75, 0x00, 0x00, 0x00, 0x00, 
	0x00, 0x00, 0x00, 0x00, 0x00, 0x00, 0x00, 0x00, 
	0x00, 0x00, 0x00, 0x00, 0x00, 0x00, 0x00, 0x00, 
	0x00, 0x00, 0xa5, 0xb5, 0xad, 0x77, 0xad, 0x77, 
	0xad, 0x79, 0xbd, 0xbb, 0xad, 0x39, 0x00, 0x00, 
	0x00, 0x00, 0x00, 0x00, 0x00, 0x00, 0x00, 0x00, 
	0x00, 0x00, 0x00, 0x00, 0x00, 0x00, 0x00, 0x00, 
	0xb6, 0x79, 0xb6, 0x77, 0xae, 0xb7, 0xae, 0xf7, 
	0xb7, 0x79, 0xb7, 0x77, 0x00, 0x00, 0x00, 0x00, 
	0x00, 0x00, 0x00, 0x00, 0x00, 0x00, 0x00, 0x00, 
	0x00, 0x00, 0x00, 0x00, 0x00, 0x00, 0x00, 0x00, 
	0x00, 0x00, 0xa5, 0xb3, 0xad, 0xf9, 0xa5, 0x77, 
	0xa5, 0x77, 0xad, 0x79, 0xad, 0x7b, 0x00, 0x00, 
	0x00, 0x00, 0x00, 0x00, 0x00, 0x00, 0x00, 0x00, 
	0x00, 0x00, 0x00, 0x00, 0x00, 0x00, 0x00, 0x00, 
	0xbe, 0x79, 0xbe, 0xb9, 0xae, 0x75, 0xb6, 0xf7, 
	0xb7, 0x37, 0xb7, 0x37, 0x00, 0x00, 0x00, 0x00, 
	0x00, 0x00, 0x00, 0x00, 0x00, 0x00, 0x00, 0x00, 
	0x00, 0x00, 0x00, 0x00, 0x00, 0x00, 0x00, 0x00, 
	0x00, 0x00, 0xae, 0x37, 0xad, 0xf7, 0xa5, 0xb7, 
	0xb5, 0xfb, 0xbd, 0xfd, 0xbe, 0x3d, 0x00, 0x00, 
	0x00, 0x00, 0x00, 0x00, 0x00, 0x00, 0x00, 0x00, 
	0x00, 0x00, 0x00, 0x00, 0x00, 0x00, 0x00, 0x00, 
	0xc6, 0xb9, 0xbe, 0xb9, 0xae, 0x75, 0xb6, 0xf7, 
	0xb6, 0xf7, 0xb7, 0x37, 0x00, 0x00, 0x00, 0x00, 
	0x00, 0x00, 0x00, 0x00, 0x00, 0x00, 0x00, 0x00, 
	0x00, 0x00, 0x00, 0x00, 0x00, 0x00, 0x00, 0x00, 
	0x00, 0x00, 0xb6, 0x79, 0xad, 0xf7, 0xad, 0xf9, 
	0xbe, 0x3d, 0xc6, 0x7d, 0xc6, 0x3d, 0x00, 0x00, 
	0x00, 0x00, 0x00, 0x00, 0x00, 0x00, 0x00, 0x00, 
	0x00, 0x00, 0x00, 0x00, 0x00, 0x00, 0x00, 0x00, 
	0xcf, 0x3d, 0xc6, 0xfd, 0xae, 0x77, 0xae, 0xb7, 
	0xae, 0xf7, 0xaf, 0x37, 0x00, 0x00, 0x00, 0x00, 
	0x00, 0x00, 0x00, 0x00, 0x00, 0x00, 0x00, 0x00, 
	0x00, 0x00, 0x00, 0x00, 0x00, 0x00, 0x00, 0x00, 
	0x00, 0x00, 0xb6, 0x79, 0xae, 0x39, 0xbe, 0x3b, 
	0xb6, 0x3b, 0xc6, 0x7d, 0xc6, 0x7d, 0x00, 0x00, 
	0x00, 0x00, 0x00, 0x00, 0x00, 0x00, 0x00, 0x00, 
	0x00, 0x00, 0x00, 0x00, 0x00, 0x00, 0x00, 0x00, 
	0xd7, 0x7d, 0xcf, 0x7d, 0xb6, 0xf9, 0xa6, 0xb5, 
	0xa6, 0xf5, 0xaf, 0x37, 0x00, 0x00, 0x00, 0x00, 
	0x00, 0x00, 0x00, 0x00, 0x00, 0x00, 0x00, 0x00, 
	0x00, 0x00, 0x00, 0x00, 0x00, 0x00, 0x00, 0x00, 
	0x00, 0x00, 0xa5, 0xf5, 0xae, 0x39, 0xb6, 0x3b, 
	0xb5, 0xfb, 0xbe, 0x7d, 0xc6, 0x7d, 0x00, 0x00, 
	0x00, 0x00, 0x00, 0x00, 0x00, 0x00, 0x00, 0x00, 
	0x00, 0x00, 0x00, 0x00, 0x00, 0x00, 0x00, 0x00, 
	0xc7, 0x3d, 0xbf, 0x3d, 0xb7, 0x39, 0xae, 0xf7, 
	0xa7, 0x37, 0xaf, 0x77, 0x00, 0x00, 0x00, 0x00, 
	0x00, 0x00, 0x00, 0x00, 0x00, 0x00, 0x00, 0x00, 
	0x00, 0x00, 0x00, 0x00, 0x00, 0x00, 0x00, 0x00, 
	0x00, 0x00, 0x9d, 0xb3, 0xa5, 0xf7, 0xa5, 0xb7, 
	0xad, 0xf9, 0xb6, 0x3b, 0xbe, 0x7d, 0x00, 0x00, 
	0x00, 0x00, 0x00, 0x00, 0x00, 0x00, 0x00, 0x00, 
	0x00, 0x00, 0x00, 0x00, 0x00, 0x00, 0x00, 0x00, 
	0xae, 0x79, 0xa6, 0x77, 0xaf, 0x39, 0xb7, 0x7b, 
	0xaf, 0x37, 0xaf, 0x77, 0x00, 0x00, 0x00, 0x00, 
	0x00, 0x00, 0x00, 0x00, 0x00, 0x00, 0x00, 0x00, 
	0x00, 0x00, 0x00, 0x00, 0x00, 0x00, 0x00, 0x00, 
	0x00, 0x00, 0x9d, 0xf3, 0x9d, 0xb5, 0xa5, 0xb7, 
	0x9d, 0xb7, 0xa5, 0xb9, 0xad, 0xfb, 0xa5, 0xb9, 
	0x00, 0x00, 0x00, 0x00, 0x00, 0x00, 0x00, 0x00, 
	0x00, 0x00, 0x00, 0x00, 0x00, 0x00, 0xa6, 0x39, 
	0xa6, 0x77, 0x9e, 0x75, 0xb7, 0x3b, 0xb7, 0x7b, 
	0xaf, 0x37, 0xaf, 0x77, 0x00, 0x00, 0x00, 0x00, 
	0x00, 0x00, 0x00, 0x00, 0x00, 0x00, 0x00, 0x00, 
	0x00, 0x00, 0x00, 0x00, 0x00, 0x00, 0x00, 0x00, 
	0x00, 0x00, 0xa5, 0xf5, 0xa5, 0xf5, 0xae, 0x39, 
	0x9d, 0xb7, 0x9d, 0xb7, 0xa5, 0xf9, 0x9d, 0xb7, 
	0x9d, 0xb7, 0x00, 0x00, 0x00, 0x00, 0x00, 0x00, 
	0x00, 0x00, 0x00, 0x00, 0xa5, 0xf7, 0xa6, 0x37, 
	0xae, 0xb9, 0xae, 0xb9, 0xbf, 0x7b, 0xb7, 0x39, 
	0xaf, 0x79, 0xaf, 0x35, 0x00, 0x00, 0x00, 0x00, 
	0x00, 0x00, 0x00, 0x00, 0x00, 0x00, 0x00, 0x00, 
	0x00, 0x00, 0x00, 0x00, 0x00, 0x00, 0x00, 0x00, 
	0x00, 0x00, 0x9d, 0xf5, 0xa6, 0x37, 0xae, 0x7b, 
	0xa5, 0xf9, 0xa5, 0xf9, 0x95, 0xb7, 0x95, 0x75, 
	0x9d, 0xb7, 0xa6, 0x3b, 0xb6, 0xbd, 0xc6, 0xfd, 
	0xc6, 0xfd, 0xbe, 0xbd, 0xae, 0x37, 0xae, 0x79, 
	0xc7, 0x3d, 0xbf, 0x3b, 0xae, 0xf7, 0xb7, 0x39, 
	0xb7, 0x37, 0xaf, 0x35, 0x00, 0x00, 0x00, 0x00, 
	0x00, 0x00, 0x00, 0x00, 0x00, 0x00, 0x00, 0x00, 
	0x00, 0x00, 0x00, 0x00, 0x00, 0x00, 0x00, 0x00, 
	0x00, 0x00, 0x00, 0x00, 0xae, 0x79, 0xae, 0x7b, 
	0xa5, 0xf9, 0xa5, 0xf9, 0xa5, 0xf9, 0xa6, 0x39, 
	0xa6, 0x39, 0xa6, 0x3b, 0xae, 0x7b, 0xae, 0x7b, 
	0xb6, 0x7b, 0xbe, 0xbb, 0xae, 0x79, 0xae, 0x77, 
	0xbf, 0x3d, 0xc7, 0x7d, 0xbf, 0x39, 0xb7, 0x39, 
	0xb7, 0x37, 0xb7, 0x35, 0x00, 0x00, 0x00, 0x00, 
	0x00, 0x00, 0x00, 0x00, 0x00, 0x00, 0x00, 0x00, 
	0x00, 0x00, 0x00, 0x00, 0x00, 0x00, 0x00, 0x00, 
	0x00, 0x00, 0x00, 0x00, 0xa6, 0x39, 0xa6, 0x39, 
	0x9d, 0xf9, 0xa6, 0x39, 0xa6, 0x7b, 0xae, 0x7b, 
	0xa6, 0x7b, 0x9e, 0x39, 0x9e, 0x37, 0x9d, 0xf7, 
	0xa5, 0xf5, 0xbe, 0xb9, 0xb6, 0xb9, 0xae, 0x77, 
	0xbf, 0x3b, 0xcf, 0xbd, 0xc7, 0xbb, 0xb7, 0x37, 
	0xb7, 0x35, 0x00, 0x00, 0x00, 0x00, 0x00, 0x00, 
	0x00, 0x00, 0x00, 0x00, 0x00, 0x00, 0x00, 0x00, 
	0x00, 0x00, 0x00, 0x00, 0x00, 0x00, 0x00, 0x00, 
	0x00, 0x00, 0x00, 0x00, 0x00, 0x00, 0x9e, 0x37, 
	0x9e, 0x39, 0xa6, 0x39, 0xa6, 0x7b, 0xa6, 0x79, 
	0x9e, 0x39, 0x96, 0x37, 0x96, 0x37, 0x9e, 0x35, 
	0x9d, 0xf3, 0xb6, 0xb9, 0xbe, 0xf9, 0xb6, 0xb7, 
	0xbf, 0x39, 0xcf, 0xbd, 0xc7, 0xbb, 0xbf, 0x37, 
	0x00, 0x00, 0x00, 0x00, 0x00, 0x00, 0x00, 0x00, 
	0x00, 0x00, 0x00, 0x00, 0x00, 0x00, 0x00, 0x00, 
	0x00, 0x00, 0x00, 0x00, 0x00, 0x00, 0x00, 0x00, 
	0x00, 0x00, 0x00, 0x00, 0x00, 0x00, 0x00, 0x00, 
	0xa6, 0x39, 0xa6, 0x7b, 0xa6, 0x7b, 0x9e, 0x79, 
	0x9e, 0x39, 0x96, 0x37, 0x96, 0x37, 0x96, 0x35, 
	0xae, 0xb7, 0xb6, 0xf7, 0xbf, 0x39, 0xbf, 0x39, 
	0xbf, 0x39, 0xbf, 0x79, 0xbf, 0x77, 0x00, 0x00, 
	0x00, 0x00, 0x00, 0x00, 0x00, 0x00, 0x00, 0x00, 
	0x00, 0x00, 0x00, 0x00, 0x00, 0x00, 0x00, 0x00, 
	0x00, 0x00, 0x00, 0x00, 0x00, 0x00, 0x00, 0x00, 
	0x00, 0x00, 0x00, 0x00, 0x00, 0x00, 0x00, 0x00, 
	0x00, 0x00, 0x00, 0x00, 0xae, 0xbd, 0xae, 0xbd, 
	0xa6, 0xb9, 0x9e, 0x77, 0x96, 0x77, 0x96, 0x75, 
	0xb7, 0x39, 0xb6, 0xf7, 0xb7, 0x37, 0xbf, 0x79, 
	0xbf, 0x79, 0x00, 0x00, 0x00, 0x00, 0x00, 0x00, 
	0x00, 0x00, 0x00, 0x00, 0x00, 0x00, 0x00, 0x00, 
	0x00, 0x00, 0x00, 0x00, 0x00, 0x00, 0x00, 0x00, 
	0x00, 0x00, 0x00, 0x00, 0x00, 0x00, 0x00, 0x00, 
	0x00, 0x00, 0x00, 0x00, 0x00, 0x00, 0x00, 0x00, 
	0x00, 0x00, 0x00, 0x00, 0x00, 0x00, 0x00, 0x00, 
	0x00, 0x00, 0x00, 0x00, 0x00, 0x00, 0x00, 0x00, 
	0x00, 0x00, 0x00, 0x00, 0x00, 0x00, 0x00, 0x00, 
	0x00, 0x00, 0x00, 0x00, 0x00, 0x00, 0x00, 0x00, 
	0x00, 0x00, 0x00, 0x00, 0x00, 0x00, 0x00, 0x00, 
	0x00, 0x00, 0x00, 0x00, 0x00, 0x00, 0x00, 0x00, 
	0x00, 0x00, 0x00, 0x00, 0x00, 0x00, 0x00, 0x00, 
	0x00, 0x00, 0x00, 0x00, 0x00, 0x00, 0x00, 0x00, 
	0x00, 0x00, 0x00, 0x00, 0x00, 0x00, 0x00, 0x00, 
	0x00, 0x00, 0x00, 0x00, 0x00, 0x00, 0x00, 0x00, 
	0x00, 0x00, 0x00, 0x00, 0x00, 0x00, 0x00, 0x00, 
	0x00, 0x00, 0x00, 0x00, 0x00, 0x00, 0x00, 0x00, 
	0x00, 0x00, 0x00, 0x00, 0x00, 0x00, 0x00, 0x00, 
	0x00, 0x00, 0x00, 0x00, 0x00, 0x00, 0x00, 0x00, 
	0x00, 0x00, 0x00, 0x00, 0x00, 0x00, 0x00, 0x00, 
	0x00, 0x00, 0x00, 0x00, 0x00, 0x00, 0x00, 0x00, 
	0x00, 0x00, 0x00, 0x00, 0x00, 0x00, 0x00, 0x00, 
	0x00, 0x00, 0x00, 0x00, 0x00, 0x00, 0x00, 0x00, 
	0x00, 0x00, 0x00, 0x00, 0x00, 0x00, 0x00, 0x00, 
	0x00, 0x00, 0x00, 0x00, 0x00, 0x00, 0x00, 0x00, 
	0x00, 0x00, 0x00, 0x00, 0x00, 0x00, 0x00, 0x00, 
	0x00, 0x00, 0x00, 0x00, 0x00, 0x00, 0x00, 0x00, 
	0x00, 0x00, 0x00, 0x00, 0x00, 0x00, 0x00, 0x00, 
	0x00, 0x00, 0x00, 0x00, 0x00, 0x00, 0x00, 0x00, 
	0x00, 0x00, 0x00, 0x00, 0x00, 0x00, 0x00, 0x00, 
	0x00, 0x00, 0x00, 0x00, 0x00, 0x00, 0x00, 0x00, 
	0x00, 0x00, 0x00, 0x00, 0x00, 0x00, 0x00, 0x00, 
	0x00, 0x00, 0x00, 0x00, 0x00, 0x00, 0x00, 0x00, 
	0x00, 0x00, 0x00, 0x00, 0x00, 0x00, 0x00, 0x00, 
	0x00, 0x00, 0x00, 0x00, 0x00, 0x00, 0x00, 0x00, 
	0x00, 0x00, 0x00, 0x00, 0x00, 0x00, 0x00, 0x00, 
	0x00, 0x00, 0x00, 0x00, 0x00, 0x00, 0x00, 0x00, 
	0x00, 0x00, 0x00, 0x00, 0xaf, 0x39, 0xb7, 0x7b, 
	0xb7, 0x7b, 0xa6, 0xf7, 0xa7, 0x37, 0xb7, 0x79, 
	0xb7, 0x77, 0xb7, 0x77, 0xb7, 0xb7, 0xbf, 0xb7, 
	0xbf, 0xb5, 0xb7, 0x73, 0x00, 0x00, 0x00, 0x00, 
	0x00, 0x00, 0x00, 0x00, 0x00, 0x00, 0x00, 0x00, 
	0x00, 0x00, 0x00, 0x00, 0x00, 0x00, 0x00, 0x00, 
	0x00, 0x00, 0x00, 0x00, 0x00, 0x00, 0x00, 0x00, 
	0x00, 0x00, 0x00, 0x00, 0x00, 0x00, 0x00, 0x00, 
	0xb7, 0x7b, 0xaf, 0x39, 0xaf, 0x37, 0xaf, 0x37, 
	0xaf, 0x37, 0xaf, 0x37, 0xaf, 0x37, 0xb7, 0x77, 
	0xb7, 0x77, 0xb7, 0xb5, 0xbf, 0xb5, 0xbf, 0xb5, 
	0xbf, 0x75, 0xb7, 0x73, 0xbf, 0x73, 0x00, 0x00, 
	0x00, 0x00, 0x00, 0x00, 0x00, 0x00, 0x00, 0x00, 
	0x00, 0x00, 0x00, 0x00, 0x00, 0x00, 0x00, 0x00, 
	0x00, 0x00, 0x00, 0x00, 0x00, 0x00, 0x00, 0x00, 
	0x00, 0x00, 0x00, 0x00, 0x00, 0x00, 0xb7, 0xbb, 
	0xb7, 0x79, 0xb7, 0x79, 0xaf, 0x37, 0xa6, 0xf5, 
	0xa6, 0xf5, 0xb7, 0x77, 0xb7, 0x77, 0xb7, 0x75, 
	0xb7, 0x75, 0xb7, 0xb5, 0xb7, 0xb5, 0xb7, 0x73, 
	0xb7, 0x73, 0xbf, 0xb3, 0xc7, 0xb5, 0xc7, 0xb5, 
	0x00, 0x00, 0x00, 0x00, 0x00, 0x00, 0x00, 0x00, 
	0x00, 0x00, 0x00, 0x00, 0x00, 0x00, 0x00, 0x00, 
	0x00, 0x00, 0x00, 0x00, 0x00, 0x00, 0x00, 0x00, 
	0x00, 0x00, 0x00, 0x00, 0xaf, 0x79, 0xb7, 0x79, 
	0xaf, 0x79, 0xb7, 0xb9, 0xb7, 0x77, 0xa6, 0xf3, 
	0xaf, 0x33, 0xbf, 0xb7, 0xbf, 0xb7, 0xb7, 0x75, 
	0xb7, 0x73, 0xbf, 0xb3, 0xb7, 0xb3, 0xb7, 0x71, 
	0xb7, 0x71, 0xbf, 0xb3, 0xc7, 0xb5, 0xc7, 0xb5, 
	0xb7, 0x73, 0x00, 0x00, 0x00, 0x00, 0x00, 0x00, 
	0x00, 0x00, 0x00, 0x00, 0x00, 0x00, 0x00, 0x00, 
	0x00, 0x00, 0x00, 0x00, 0x00, 0x00, 0x00, 0x00, 
	0x00, 0x00, 0x00, 0x00, 0xaf, 0x79, 0xb7, 0x79, 
	0xb7, 0x79, 0xbf, 0xb9, 0xb7, 0x77, 0xb7, 0x75, 
	0xb7, 0x75, 0xbf, 0x75, 0xbf, 0xb5, 0xb7, 0x73, 
	0xbf, 0xb3, 0xbf, 0xb3, 0xbf, 0xb3, 0xb7, 0x71, 
	0xbf, 0x71, 0xbf, 0xb3, 0xbf, 0xb3, 0xbf, 0x73, 
	0xaf, 0x31, 0xa7, 0x31, 0x00, 0x00, 0x00, 0x00, 
	0x00, 0x00, 0x00, 0x00, 0x00, 0x00, 0x00, 0x00, 
	0x00, 0x00, 0x00, 0x00, 0x00, 0x00, 0x00, 0x00, 
	0x00, 0x00, 0xaf, 0x79, 0xb7, 0xb9, 0xb7, 0xb9, 
	0xb7, 0x77, 0xb7, 0x77, 0xb7, 0xb7, 0xbf, 0xb7, 
	0xbf, 0xb5, 0xb7, 0x73, 0xb7, 0x71, 0xb7, 0x73, 
	0xbf, 0xb3, 0xbf, 0xb3, 0xbf, 0xb1, 0xbf, 0x71, 
	0xbf, 0xb1, 0xbf, 0xb3, 0xbf, 0x71, 0xaf, 0x2f, 
	0xaf, 0x71, 0xa7, 0x71, 0x00, 0x00, 0x00, 0x00, 
	0x00, 0x00, 0x00, 0x00, 0x00, 0x00, 0x00, 0x00, 
	0x00, 0x00, 0x00, 0x00, 0x00, 0x00, 0x00, 0x00, 
	0x00, 0x00, 0xa7, 0x35, 0xaf, 0x37, 0xb7, 0x77, 
	0xb7, 0xb9, 0xbf, 0xb7, 0xbf, 0xb7, 0xb7, 0x75, 
	0xb7, 0x73, 0x00, 0x00, 0x00, 0x00, 0x00, 0x00, 
	0x00, 0x00, 0x00, 0x00, 0xbf, 0xb1, 0xb7, 0x6f, 
	0xbf, 0x71, 0xbf, 0x71, 0xb7, 0x71, 0xb7, 0x71, 
	0xaf, 0x73, 0xaf, 0x73, 0x00, 0x00, 0x00, 0x00, 
	0x00, 0x00, 0x00, 0x00, 0x00, 0x00, 0x00, 0x00, 
	0x00, 0x00, 0x00, 0x00, 0x00, 0x00, 0x00, 0x00, 
	0x00, 0x00, 0xa7, 0x35, 0xa7, 0x35, 0xaf, 0x77, 
	0xb7, 0xb7, 0xb7, 0xb7, 0xbf, 0xb7, 0xb7, 0xb5, 
	0x00, 0x00, 0x00, 0x00, 0x00, 0x00, 0x00, 0x00, 
	0x00, 0x00, 0x00, 0x00, 0x00, 0x00, 0xbf, 0x6f, 
	0xc7, 0x71, 0xc7, 0x73, 0xbf, 0x71, 0xb7, 0x71, 
	0xb7, 0xb3, 0xaf, 0x73, 0x00, 0x00, 0x00, 0x00, 
	0x00, 0x00, 0x00, 0x00, 0x00, 0x00, 0x00, 0x00, 
	0x00, 0x00, 0x00, 0x00, 0x00, 0x00, 0x00, 0x00, 
	0x00, 0x00, 0xa7, 0x35, 0xa7, 0x35, 0xa7, 0x75, 
	0xaf, 0x75, 0xb7, 0xb5, 0xb7, 0xb5, 0x00, 0x00, 
	0x00, 0x00, 0x00, 0x00, 0x00, 0x00, 0x00, 0x00, 
	0x00, 0x00, 0x00, 0x00, 0x00, 0x00, 0x00, 0x00, 
	0xc7, 0xb3, 0xc7, 0xb3, 0xbf, 0x71, 0xbf, 0x73, 
	0xb7, 0xb3, 0xaf, 0x73, 0x00, 0x00, 0x00, 0x00, 
	0x00, 0x00, 0x00, 0x00, 0x00, 0x00, 0x00, 0x00, 
	0x00, 0x00, 0x00, 0x00, 0x00, 0x00, 0x00, 0x00, 
	0x00, 0x00, 0xa7, 0x75, 0xa7, 0x75, 0xa7, 0x75, 
	0xaf, 0x33, 0xaf, 0x75, 0xb7, 0x75, 0x00, 0x00, 
	0x00, 0x00, 0x00, 0x00, 0x00, 0x00, 0x00, 0x00, 
	0x00, 0x00, 0x00, 0x00, 0x00, 0x00, 0x00, 0x00, 
	0xc7, 0xb3, 0xc7, 0xb3, 0xbf, 0x71, 0xb7, 0x33, 
	0xb7, 0x73, 0xaf, 0x33, 0x00, 0x00, 0x00, 0x00, 
	0x00, 0x00, 0x00, 0x00, 0x00, 0x00, 0x00, 0x00, 
	0x00, 0x00, 0x00, 0x00, 0x00, 0x00, 0x00, 0x00, 
	0x00, 0x00, 0xa7, 0xb7, 0xa7, 0x77, 0xaf, 0x75, 
	0xaf, 0x75, 0xaf, 0x75, 0xb7, 0xb5, 0x00, 0x00, 
	0x00, 0x00, 0x00, 0x00, 0x00, 0x00, 0x00, 0x00, 
	0x00, 0x00, 0x00, 0x00, 0x00, 0x00, 0x00, 0x00, 
	0xc7, 0xb3, 0xc7, 0x73, 0xbf, 0x33, 0xbf, 0x33, 
	0xb7, 0x73, 0xaf, 0x73, 0x00, 0x00, 0x00, 0x00, 
	0x00, 0x00, 0x00, 0x00, 0x00, 0x00, 0x00, 0x00, 
	0x00, 0x00, 0x00, 0x00, 0x00, 0x00, 0x00, 0x00, 
	0x00, 0x00, 0xa7, 0xb7, 0xa7, 0xb7, 0xaf, 0xb7, 
	0xaf, 0xb5, 0xb7, 0xb7, 0xb7, 0xb7, 0x00, 0x00, 
	0x00, 0x00, 0x00, 0x00, 0x00, 0x00, 0x00, 0x00, 
	0x00, 0x00, 0x00, 0x00, 0x00, 0x00, 0x00, 0x00, 
	0xc7, 0x73, 0xc7, 0x73, 0xbf, 0x33, 0xbf, 0x73, 
	0xbf, 0xb7, 0xb7, 0xb7, 0x00, 0x00, 0x00, 0x00, 
	0x00, 0x00, 0x00, 0x00, 0x00, 0x00, 0x00, 0x00, 
	0x00, 0x00, 0x00, 0x00, 0x00, 0x00, 0x00, 0x00, 
	0x00, 0x00, 0xa7, 0xb5, 0xa7, 0x75, 0xa7, 0x75, 
	0xaf, 0xb7, 0xb7, 0xb7, 0xb7, 0xb7, 0x00, 0x00, 
	0x00, 0x00, 0x00, 0x00, 0x00, 0x00, 0x00, 0x00, 
	0x00, 0x00, 0x00, 0x00, 0x00, 0x00, 0x00, 0x00, 
	0xc7, 0x73, 0xc7, 0x33, 0xc7, 0x33, 0xc7, 0x75, 
	0xc7, 0xb9, 0xc7, 0xb9, 0x00, 0x00, 0x00, 0x00, 
	0x00, 0x00, 0x00, 0x00, 0x00, 0x00, 0x00, 0x00, 
	0x00, 0x00, 0x00, 0x00, 0x00, 0x00, 0x00, 0x00, 
	0x00, 0x00, 0x9f, 0x75, 0x9f, 0x75, 0xa7, 0x75, 
	0xa7, 0x75, 0xaf, 0xb5, 0xb7, 0xb7, 0x00, 0x00, 
	0x00, 0x00, 0x00, 0x00, 0x00, 0x00, 0x00, 0x00, 
	0x00, 0x00, 0x00, 0x00, 0x00, 0x00, 0x00, 0x00, 
	0xbf, 0x73, 0xbf, 0x33, 0xc7, 0x73, 0xcf, 0xb7, 
	0xc7, 0xb7, 0xc7, 0xb9, 0x00, 0x00, 0x00, 0x00, 
	0x00, 0x00, 0x00, 0x00, 0x00, 0x00, 0x00, 0x00, 
	0x00, 0x00, 0x00, 0x00, 0x00, 0x00, 0x00, 0x00, 
	0x00, 0x00, 0x9f, 0x75, 0x9f, 0x33, 0x9f, 0x33, 
	0xa7, 0x73, 0xa7, 0x33, 0xa7, 0x73, 0x00, 0x00, 
	0x00, 0x00, 0x00, 0x00, 0x00, 0x00, 0x00, 0x00, 
	0x00, 0x00, 0x00, 0x00, 0x00, 0x00, 0x00, 0x00, 
	0xb7, 0x31, 0xbf, 0x73, 0xc7, 0xb5, 0xbf, 0x75, 
	0xc7, 0xb9, 0xcf, 0xbd, 0x00, 0x00, 0x00, 0x00, 
	0x00, 0x00, 0x00, 0x00, 0x00, 0x00, 0x00, 0x00, 
	0x00, 0x00, 0x00, 0x00, 0x00, 0x00, 0x00, 0x00, 
	0x00, 0x00, 0xa7, 0x77, 0xa7, 0x75, 0xa7, 0x75, 
	0xa7, 0x73, 0xa7, 0x73, 0xaf, 0x75, 0x00, 0x00, 
	0x00, 0x00, 0x00, 0x00, 0x00, 0x00, 0x00, 0x00, 
	0x00, 0x00, 0x00, 0x00, 0x00, 0x00, 0x00, 0x00, 
	0xaf, 0x31, 0xb7, 0x31, 0xbf, 0x73, 0xbf, 0x73, 
	0xbf, 0x75, 0xbf, 0xb9, 0x00, 0x00, 0x00, 0x00, 
	0x00, 0x00, 0x00, 0x00, 0x00, 0x00, 0x00, 0x00, 
	0x00, 0x00, 0x00, 0x00, 0x00, 0x00, 0x00, 0x00, 
	0x00, 0x00, 0xaf, 0xb7, 0xaf, 0x77, 0xaf, 0x75, 
	0xaf, 0x75, 0xaf, 0x75, 0xb7, 0x75, 0x00, 0x00, 
	0x00, 0x00, 0x00, 0x00, 0x00, 0x00, 0x00, 0x00, 
	0x00, 0x00, 0x00, 0x00, 0x00, 0x00, 0x00, 0x00, 
	0xaf, 0x31, 0xb7, 0x73, 0xbf, 0xb5, 0xbf, 0x75, 
	0xaf, 0x33, 0xaf, 0x75, 0x00, 0x00, 0x00, 0x00, 
	0x00, 0x00, 0x00, 0x00, 0x00, 0x00, 0x00, 0x00, 
	0x00, 0x00, 0x00, 0x00, 0x00, 0x00, 0x00, 0x00, 
	0x00, 0x00, 0xaf, 0x77, 0xaf, 0x77, 0xaf, 0x75, 
	0xb7, 0xb7, 0xb7, 0x77, 0xaf, 0x75, 0x00, 0x00, 
	0x00, 0x00, 0x00, 0x00, 0x00, 0x00, 0x00, 0x00, 
	0x00, 0x00, 0x00, 0x00, 0x00, 0x00, 0x00, 0x00, 
	0xb7, 0x71, 0xb7, 0x73, 0xbf, 0x75, 0xb7, 0x73, 
	0xaf, 0x33, 0xaf, 0x35, 0x00, 0x00, 0x00, 0x00, 
	0x00, 0x00, 0x00, 0x00, 0x00, 0x00, 0x00, 0x00, 
	0x00, 0x00, 0x00, 0x00, 0x00, 0x00, 0x00, 0x00, 
	0x00, 0x00, 0xaf, 0x75, 0xaf, 0x35, 0xaf, 0x75, 
	0xb7, 0x77, 0xb7, 0x75, 0xaf, 0x75, 0x00, 0x00, 
	0x00, 0x00, 0x00, 0x00, 0x00, 0x00, 0x00, 0x00, 
	0x00, 0x00, 0x00, 0x00, 0x00, 0x00, 0x00, 0x00, 
	0xb7, 0x73, 0xb7, 0x73, 0xaf, 0x73, 0xa6, 0xf1, 
	0xa6, 0xf3, 0xa7, 0x35, 0x00, 0x00, 0x00, 0x00, 
	0x00, 0x00, 0x00, 0x00, 0x00, 0x00, 0x00, 0x00, 
	0x00, 0x00, 0x00, 0x00, 0x00, 0x00, 0x00, 0x00, 
	0x00, 0x00, 0xaf, 0x77, 0xb7, 0x77, 0xb7, 0x77, 
	0xaf, 0x35, 0xaf, 0x35, 0xb7, 0x75, 0x00, 0x00, 
	0x00, 0x00, 0x00, 0x00, 0x00, 0x00, 0x00, 0x00, 
	0x00, 0x00, 0x00, 0x00, 0x00, 0x00, 0x00, 0x00, 
	0xb7, 0xb5, 0xb7, 0xb5, 0xaf, 0x73, 0xa6, 0xf1, 
	0x9e, 0xf1, 0xa7, 0x35, 0x00, 0x00, 0x00, 0x00, 
	0x00, 0x00, 0x00, 0x00, 0x00, 0x00, 0x00, 0x00, 
	0x00, 0x00, 0x00, 0x00, 0x00, 0x00, 0x00, 0x00, 
	0x00, 0x00, 0xbf, 0xb9, 0xbf, 0xbb, 0xc7, 0xbb, 
	0xb7, 0x77, 0xaf, 0x35, 0xb7, 0x75, 0xb7, 0x77, 
	0x00, 0x00, 0x00, 0x00, 0x00, 0x00, 0x00, 0x00, 
	0x00, 0x00, 0x00, 0x00, 0x00, 0x00, 0xaf, 0x73, 
	0xb7, 0xb5, 0xb7, 0xb5, 0xaf, 0x73, 0x9f, 0x31, 
	0x9f, 0x33, 0x9f, 0x35, 0x00, 0x00, 0x00, 0x00, 
	0x00, 0x00, 0x00, 0x00, 0x00, 0x00, 0x00, 0x00, 
	0x00, 0x00, 0x00, 0x00, 0x00, 0x00, 0x00, 0x00, 
	0x00, 0x00, 0xc7, 0xbb, 0xcf, 0xbd, 0xcf, 0xbd, 
	0xbf, 0xbb, 0xb7, 0x79, 0xaf, 0x37, 0xa7, 0x35, 
	0xa7, 0x35, 0x00, 0x00, 0x00, 0x00, 0x00, 0x00, 
	0x00, 0x00, 0x00, 0x00, 0x96, 0xaf, 0x9f, 0x31, 
	0xa7, 0x73, 0xa7, 0x73, 0x9f, 0x31, 0x96, 0xaf, 
	0x9f, 0x75, 0x9f, 0x75, 0x00, 0x00, 0x00, 0x00, 
	0x00, 0x00, 0x00, 0x00, 0x00, 0x00, 0x00, 0x00, 
	0x00, 0x00, 0x00, 0x00, 0x00, 0x00, 0x00, 0x00, 
	0x00, 0x00, 0xaf, 0x35, 0xaf, 0x37, 0xbf, 0xb9, 
	0xaf, 0x35, 0xa7, 0x35, 0xa7, 0x35, 0xa7, 0x35, 
	0xa7, 0x77, 0xa7, 0x75, 0x9f, 0x75, 0xaf, 0xb7, 
	0xa7, 0x75, 0xaf, 0x75, 0xa7, 0x75, 0x9f, 0x73, 
	0x9f, 0x33, 0x97, 0x33, 0x97, 0x31, 0x96, 0xf1, 
	0x97, 0x33, 0x97, 0x75, 0x00, 0x00, 0x00, 0x00, 
	0x00, 0x00, 0x00, 0x00, 0x00, 0x00, 0x00, 0x00, 
	0x00, 0x00, 0x00, 0x00, 0x00, 0x00, 0x00, 0x00, 
	0x00, 0x00, 0x00, 0x00, 0xb7, 0x37, 0xb7, 0x79, 
	0xaf, 0x37, 0xa7, 0x35, 0x9e, 0xf5, 0x9f, 0x35, 
	0x9f, 0x37, 0x97, 0x35, 0x97, 0x35, 0x9f, 0x77, 
	0x9f, 0x35, 0x9f, 0x75, 0x9f, 0x33, 0x97, 0x33, 
	0x97, 0x31, 0x97, 0x33, 0x97, 0x33, 0x97, 0x33, 
	0x97, 0x75, 0x97, 0xb7, 0x00, 0x00, 0x00, 0x00, 
	0x00, 0x00, 0x00, 0x00, 0x00, 0x00, 0x00, 0x00, 
	0x00, 0x00, 0x00, 0x00, 0x00, 0x00, 0x00, 0x00, 
	0x00, 0x00, 0x00, 0x00, 0xb7, 0x37, 0xb7, 0x37, 
	0xaf, 0x37, 0xa7, 0x37, 0x9e, 0xf5, 0x96, 0xf5, 
	0x97, 0x35, 0x97, 0x35, 0x8e, 0xf5, 0x97, 0x35, 
	0xa7, 0x77, 0x9f, 0x77, 0x97, 0x35, 0x8e, 0xf3, 
	0x86, 0xf1, 0x86, 0xf1, 0x86, 0xf1, 0x86, 0xf1, 
	0x97, 0xb7, 0x00, 0x00, 0x00, 0x00, 0x00, 0x00, 
	0x00, 0x00, 0x00, 0x00, 0x00, 0x00, 0x00, 0x00, 
	0x00, 0x00, 0x00, 0x00, 0x00, 0x00, 0x00, 0x00, 
	0x00, 0x00, 0x00, 0x00, 0x00, 0x00, 0xb6, 0xf7, 
	0xae, 0xf7, 0xa7, 0x37, 0x9e, 0xf5, 0x96, 0xf5, 
	0x97, 0x35, 0x8e, 0xf5, 0x8e, 0xf3, 0x8e, 0xf5, 
	0x97, 0x35, 0x8e, 0xf3, 0x8e, 0xf3, 0x86, 0xf1, 
	0x87, 0x33, 0x8f, 0x33, 0x87, 0x33, 0x87, 0x33, 
	0x00, 0x00, 0x00, 0x00, 0x00, 0x00, 0x00, 0x00, 
	0x00, 0x00, 0x00, 0x00, 0x00, 0x00, 0x00, 0x00, 
	0x00, 0x00, 0x00, 0x00, 0x00, 0x00, 0x00, 0x00, 
	0x00, 0x00, 0x00, 0x00, 0x00, 0x00, 0x00, 0x00, 
	0xae, 0xf5, 0xae, 0xf7, 0xa6, 0xf7, 0x9e, 0xf7, 
	0x97, 0x37, 0x96, 0xf5, 0x86, 0xf3, 0x86, 0xf3, 
	0x97, 0x77, 0x97, 0x35, 0x8e, 0xf3, 0x87, 0x33, 
	0x87, 0x35, 0x7f, 0x33, 0x76, 0xf1, 0x00, 0x00, 
	0x00, 0x00, 0x00, 0x00, 0x00, 0x00, 0x00, 0x00, 
	0x00, 0x00, 0x00, 0x00, 0x00, 0x00, 0x00, 0x00, 
	0x00, 0x00, 0x00, 0x00, 0x00, 0x00, 0x00, 0x00, 
	0x00, 0x00, 0x00, 0x00, 0x00, 0x00, 0x00, 0x00, 
	0x00, 0x00, 0x00, 0x00, 0xa6, 0xf7, 0x9e, 0xf7, 
	0x97, 0x37, 0x97, 0x37, 0x8e, 0xf5, 0x8e, 0xf5, 
	0x86, 0xb3, 0x86, 0xb3, 0x7e, 0xb3, 0x87, 0x35, 
	0x87, 0x75, 0x00, 0x00, 0x00, 0x00, 0x00, 0x00, 
	0x00, 0x00, 0x00, 0x00, 0x00, 0x00, 0x00, 0x00, 
	0x00, 0x00, 0x00, 0x00, 0x00, 0x00, 0x00, 0x00, 
	0x00, 0x00, 0x00, 0x00, 0x00, 0x00, 0x00, 0x00, 
	0x00, 0x00, 0x00, 0x00, 0x00, 0x00, 0x00, 0x00, 
	0x00, 0x00, 0x00, 0x00, 0x00, 0x00, 0x00, 0x00, 
	0x00, 0x00, 0x00, 0x00, 0x00, 0x00, 0x00, 0x00, 
	0x00, 0x00, 0x00, 0x00, 0x00, 0x00, 0x00, 0x00, 
	0x00, 0x00, 0x00, 0x00, 0x00, 0x00, 0x00, 0x00, 
	0x00, 0x00, 0x00, 0x00, 0x00, 0x00, 0x00, 0x00, 
	0x00, 0x00, 0x00, 0x00, 0x00, 0x00, 0x00, 0x00, 
	0x00, 0x00, 0x00, 0x00, 0x00, 0x00, 0x00, 0x00, 
	0x00, 0x00, 0x00, 0x00, 0x00, 0x00, 0x00, 0x00, 
	0x00, 0x00, 0x00, 0x00, 0x00, 0x00, 0x00, 0x00, 
	0x00, 0x00, 0x00, 0x00, 0x00, 0x00, 0x00, 0x00, 
	0x00, 0x00, 0x00, 0x00, 0x00, 0x00, 0x00, 0x00, 
	0x00, 0x00, 0x00, 0x00, 0x00, 0x00, 0x00, 0x00, 
	0x00, 0x00, 0x00, 0x00, 0x00, 0x00, 0x00, 0x00, 
	0x00, 0x00, 0x00, 0x00, 0x00, 0x00, 0x00, 0x00, 
	
};

ALIGNED8 u8 ccm_dl_chains2_ci8[] = {
	0x00, 0x00, 0x00, 0x00, 0x00, 0x00, 0x00, 0x00, 
	0x00, 0x00, 0x00, 0x00, 0x00, 0x00, 0x00, 0x00, 
	0x00, 0x00, 0x00, 0x00, 0x00, 0x00, 0x00, 0x00, 
	0x00, 0x00, 0x00, 0x00, 0x00, 0x00, 0x00, 0x00, 
	0x00, 0x00, 0x00, 0x00, 0x00, 0x00, 0x00, 0x00, 
	0x00, 0x00, 0x00, 0x00, 0x00, 0x00, 0x00, 0x00, 
	0x00, 0x00, 0x00, 0x00, 0x00, 0x00, 0x00, 0x00, 
	0x00, 0x00, 0x00, 0x00, 0x00, 0x00, 0x00, 0x00, 
	0x00, 0x00, 0x00, 0x00, 0x00, 0x00, 0x00, 0x00, 
	0x00, 0x00, 0x01, 0x01, 0x02, 0x02, 0x03, 0x04, 
	0x05, 0x06, 0x07, 0x08, 0x09, 0x0a, 0x00, 0x00, 
	0x00, 0x00, 0x00, 0x00, 0x00, 0x00, 0x00, 0x00, 
	0x00, 0x00, 0x00, 0x00, 0x00, 0x00, 0x00, 0x00, 
	0x0b, 0x02, 0x0c, 0x0d, 0x0b, 0x0e, 0x0f, 0x10, 
	0x11, 0x12, 0x13, 0x14, 0x15, 0x0a, 0x16, 0x00, 
	0x00, 0x00, 0x00, 0x00, 0x00, 0x00, 0x00, 0x00, 
	0x00, 0x00, 0x00, 0x00, 0x00, 0x00, 0x00, 0x17, 
	0x17, 0x18, 0x02, 0x0b, 0x0b, 0x19, 0x1a, 0x1b, 
	0x1c, 0x12, 0x1d, 0x1e, 0x09, 0x1f, 0x20, 0x21, 
	0x00, 0x00, 0x00, 0x00, 0x00, 0x00, 0x00, 0x00, 
	0x00, 0x00, 0x00, 0x00, 0x00, 0x00, 0x22, 0x23, 
	0x17, 0x0c, 0x0b, 0x0b, 0x17, 0x0c, 0x17, 0x24, 
	0x25, 0x26, 0x1d, 0x27, 0x28, 0x29, 0x2a, 0x2b, 
	0x2c, 0x00, 0x00, 0x00, 0x00, 0x00, 0x00, 0x00, 
	0x00, 0x00, 0x00, 0x00, 0x00, 0x00, 0x2d, 0x2e, 
	0x2f, 0x30, 0x30, 0x30, 0x31, 0x2f, 0x32, 0x24, 
	0x33, 0x26, 0x1d, 0x34, 0x35, 0x36, 0x37, 0x2b, 
	0x38, 0x2c, 0x00, 0x00, 0x00, 0x00, 0x00, 0x00, 
	0x00, 0x00, 0x00, 0x00, 0x00, 0x39, 0x3a, 0x3b, 
	0x3c, 0x3d, 0x31, 0x3e, 0x23, 0x3d, 0x2f, 0x3f, 
	0x40, 0x11, 0x41, 0x27, 0x35, 0x36, 0x42, 0x43, 
	0x38, 0x44, 0x00, 0x00, 0x00, 0x00, 0x00, 0x00, 
	0x00, 0x00, 0x00, 0x00, 0x00, 0x45, 0x46, 0x47, 
	0x48, 0x49, 0x4a, 0x4b, 0x3d, 0x00, 0x00, 0x00, 
	0x00, 0x00, 0x4c, 0x41, 0x4d, 0x4e, 0x4f, 0x50, 
	0x43, 0x44, 0x00, 0x00, 0x00, 0x00, 0x00, 0x00, 
	0x00, 0x00, 0x00, 0x00, 0x00, 0x51, 0x52, 0x53, 
	0x54, 0x49, 0x55, 0x56, 0x00, 0x00, 0x00, 0x00, 
	0x00, 0x00, 0x00, 0x57, 0x58, 0x59, 0x5a, 0x5b, 
	0x5c, 0x43, 0x00, 0x00, 0x00, 0x00, 0x00, 0x00, 
	0x00, 0x00, 0x00, 0x00, 0x00, 0x5d, 0x5e, 0x5f, 
	0x60, 0x61, 0x62, 0x00, 0x00, 0x00, 0x00, 0x00, 
	0x00, 0x00, 0x00, 0x00, 0x63, 0x64, 0x59, 0x65, 
	0x5c, 0x5c, 0x00, 0x00, 0x00, 0x00, 0x00, 0x00, 
	0x00, 0x00, 0x00, 0x00, 0x00, 0x66, 0x5e, 0x67, 
	0x68, 0x69, 0x55, 0x00, 0x00, 0x00, 0x00, 0x00, 
	0x00, 0x00, 0x00, 0x00, 0x6a, 0x64, 0x6b, 0x65, 
	0x5c, 0x5c, 0x00, 0x00, 0x00, 0x00, 0x00, 0x00, 
	0x00, 0x00, 0x00, 0x00, 0x00, 0x6c, 0x6d, 0x6e, 
	0x6f, 0x69, 0x55, 0x00, 0x00, 0x00, 0x00, 0x00, 
	0x00, 0x00, 0x00, 0x00, 0x6a, 0x6a, 0x70, 0x71, 
	0x72, 0x73, 0x00, 0x00, 0x00, 0x00, 0x00, 0x00, 
	0x00, 0x00, 0x00, 0x00, 0x00, 0x74, 0x75, 0x76, 
	0x77, 0x69, 0x78, 0x00, 0x00, 0x00, 0x00, 0x00, 
	0x00, 0x00, 0x00, 0x00, 0x79, 0x7a, 0x7b, 0x7c, 
	0x71, 0x73, 0x00, 0x00, 0x00, 0x00, 0x00, 0x00, 
	0x00, 0x00, 0x00, 0x00, 0x00, 0x7d, 0x75, 0x67, 
	0x6e, 0x77, 0x7e, 0x00, 0x00, 0x00, 0x00, 0x00, 
	0x00, 0x00, 0x00, 0x00, 0x79, 0x7f, 0x80, 0x81, 
	0x82, 0x73, 0x00, 0x00, 0x00, 0x00, 0x00, 0x00, 
	0x00, 0x00, 0x00, 0x00, 0x00, 0x83, 0x75, 0x75, 
	0x84, 0x6e, 0x7e, 0x00, 0x00, 0x00, 0x00, 0x00, 
	0x00, 0x00, 0x00, 0x00, 0x79, 0x6a, 0x85, 0x86, 
	0x87, 0x88, 0x00, 0x00, 0x00, 0x00, 0x00, 0x00, 
	0x00, 0x00, 0x00, 0x00, 0x00, 0x89, 0x8a, 0x8b, 
	0x8b, 0x84, 0x8c, 0x00, 0x00, 0x00, 0x00, 0x00, 
	0x00, 0x00, 0x00, 0x00, 0x8d, 0x8e, 0x8f, 0x6b, 
	0x7c, 0x7c, 0x00, 0x00, 0x00, 0x00, 0x00, 0x00, 
	0x00, 0x00, 0x00, 0x00, 0x00, 0x90, 0x7d, 0x91, 
	0x92, 0x93, 0x94, 0x00, 0x00, 0x00, 0x00, 0x00, 
	0x00, 0x00, 0x00, 0x00, 0x58, 0x8e, 0x8f, 0x6b, 
	0x6b, 0x7c, 0x00, 0x00, 0x00, 0x00, 0x00, 0x00, 
	0x00, 0x00, 0x00, 0x00, 0x00, 0x79, 0x7d, 0x8a, 
	0x94, 0x95, 0x96, 0x00, 0x00, 0x00, 0x00, 0x00, 
	0x00, 0x00, 0x00, 0x00, 0x97, 0x98, 0x99, 0x85, 
	0x86, 0x82, 0x00, 0x00, 0x00, 0x00, 0x00, 0x00, 
	0x00, 0x00, 0x00, 0x00, 0x00, 0x79, 0x9a, 0x9b, 
	0x9c, 0x95, 0x95, 0x00, 0x00, 0x00, 0x00, 0x00, 
	0x00, 0x00, 0x00, 0x00, 0x9d, 0x9e, 0x7b, 0x9f, 
	0xa0, 0x82, 0x00, 0x00, 0x00, 0x00, 0x00, 0x00, 
	0x00, 0x00, 0x00, 0x00, 0x00, 0xa1, 0x9a, 0x9c, 
	0x92, 0xa2, 0x95, 0x00, 0x00, 0x00, 0x00, 0x00, 
	0x00, 0x00, 0x00, 0x00, 0xa3, 0xa4, 0xa5, 0x86, 
	0xa6, 0xa7, 0x00, 0x00, 0x00, 0x00, 0x00, 0x00, 
	0x00, 0x00, 0x00, 0x00, 0x00, 0xa8, 0xa9, 0x91, 
	0x8a, 0x9c, 0xa2, 0x00, 0x00, 0x00, 0x00, 0x00, 
	0x00, 0x00, 0x00, 0x00, 0xaa, 0xab, 0xac, 0xad, 
	0x82, 0xa7, 0x00, 0x00, 0x00, 0x00, 0x00, 0x00, 
	0x00, 0x00, 0x00, 0x00, 0x00, 0xae, 0xaf, 0x91, 
	0xb0, 0xb1, 0xb2, 0xb1, 0x00, 0x00, 0x00, 0x00, 
	0x00, 0x00, 0x00, 0xb3, 0xab, 0xb4, 0xb5, 0xad, 
	0x82, 0xa7, 0x00, 0x00, 0x00, 0x00, 0x00, 0x00, 
	0x00, 0x00, 0x00, 0x00, 0x00, 0xa1, 0xa1, 0x9a, 
	0xb0, 0xb0, 0xb6, 0xb0, 0xb0, 0x00, 0x00, 0x00, 
	0x00, 0x00, 0xa9, 0xb7, 0xb8, 0xb8, 0xb9, 0xa5, 
	0xba, 0x72, 0x00, 0x00, 0x00, 0x00, 0x00, 0x00, 
	0x00, 0x00, 0x00, 0x00, 0x00, 0xbb, 0xb7, 0xbc, 
	0xb6, 0xb6, 0xbd, 0xbe, 0xb0, 0xbf, 0xc0, 0x98, 
	0x98, 0xc1, 0x90, 0xaa, 0xa3, 0x80, 0x86, 0xa5, 
	0x7c, 0x72, 0x00, 0x00, 0x00, 0x00, 0x00, 0x00, 
	0x00, 0x00, 0x00, 0x00, 0x00, 0x00, 0xaa, 0xbc, 
	0xb6, 0xb6, 0xb6, 0xb3, 0xb3, 0xbf, 0xbc, 0xbc, 
	0xc2, 0xc3, 0xaa, 0x99, 0xa4, 0xc4, 0xc5, 0xa5, 
	0x7c, 0xc6, 0x00, 0x00, 0x00, 0x00, 0x00, 0x00, 
	0x00, 0x00, 0x00, 0x00, 0x00, 0x00, 0xb3, 0xb3, 
	0xc7, 0xb3, 0xc8, 0xbc, 0xc8, 0xc9, 0xca, 0xcb, 
	0xa1, 0x8e, 0x7a, 0x99, 0x80, 0xcc, 0xcd, 0x7c, 
	0xc6, 0x00, 0x00, 0x00, 0x00, 0x00, 0x00, 0x00, 
	0x00, 0x00, 0x00, 0x00, 0x00, 0x00, 0x00, 0xca, 
	0xc9, 0xb3, 0xc8, 0xce, 0xc9, 0xcf, 0xcf, 0xd0, 
	0xae, 0x7a, 0xd1, 0x64, 0xc5, 0xcc, 0xcd, 0xd2, 
	0x00, 0x00, 0x00, 0x00, 0x00, 0x00, 0x00, 0x00, 
	0x00, 0x00, 0x00, 0x00, 0x00, 0x00, 0x00, 0x00, 
	0xb3, 0xc8, 0xc8, 0xd3, 0xc9, 0xcf, 0xcf, 0xd4, 
	0x85, 0x6b, 0xc5, 0xc5, 0xc5, 0x81, 0x65, 0x00, 
	0x00, 0x00, 0x00, 0x00, 0x00, 0x00, 0x00, 0x00, 
	0x00, 0x00, 0x00, 0x00, 0x00, 0x00, 0x00, 0x00, 
	0x00, 0x00, 0xd5, 0xd5, 0xd6, 0xd7, 0xd8, 0xd9, 
	0xa5, 0x6b, 0x7c, 0x81, 0x81, 0x00, 0x00, 0x00, 
	0x00, 0x00, 0x00, 0x00, 0x00, 0x00, 0x00, 0x00, 
	0x00, 0x00, 0x00, 0x00, 0x00, 0x00, 0x00, 0x00, 
	0x00, 0x00, 0x00, 0x00, 0x00, 0x00, 0x00, 0x00, 
	0x00, 0x00, 0x00, 0x00, 0x00, 0x00, 0x00, 0x00, 
	0x00, 0x00, 0x00, 0x00, 0x00, 0x00, 0x00, 0x00, 
	0x00, 0x00, 0x00, 0x00, 0x00, 0x00, 0x00, 0x00, 
	0x00, 0x00, 0x00, 0x00, 0x00, 0x00, 0x00, 0x00, 
	0x00, 0x00, 0x00, 0x00, 0x00, 0x00, 0x00, 0x00, 
	0x00, 0x00, 0x00, 0x00, 0x00, 0x00, 0x00, 0x00, 
	0x00, 0x00, 0x00, 0x00, 0x00, 0x00, 0x00, 0x00, 
	0x00, 0x00, 0x00, 0x00, 0x00, 0x00, 0x00, 0x00, 
	0x00, 0x00, 0x00, 0x00, 0x00, 0x00, 0x00, 0x00, 
	0x00, 0x00, 0x00, 0x00, 0x00, 0x00, 0x00, 0x00, 
	0x00, 0x00, 0x00, 0x00, 0x00, 0x00, 0x00, 0x00, 
	0x00, 0x00, 0x00, 0x00, 0x00, 0x00, 0x00, 0x00, 
	0x00, 0x00, 0x00, 0x00, 0x00, 0x00, 0x00, 0x00, 
	0x00, 0x00, 0x00, 0x00, 0x00, 0x00, 0x00, 0x00, 
	0x00, 0x00, 0x00, 0x00, 0x00, 0x00, 0x00, 0x00, 
	0x00, 0x00, 0x00, 0x00, 0x00, 0x00, 0x00, 0x00, 
	0x00, 0x00, 0x00, 0x00, 0x00, 0x00, 0x00, 0x00, 
	0x00, 0x00, 0x00, 0x00, 0x00, 0x00, 0x00, 0x00, 
	0x00, 0x00, 0x00, 0x00, 0x00, 0x00, 0x00, 0x00, 
	0x00, 0x00, 0x00, 0x00, 0x00, 0x00, 0x00, 0x00, 
	0x00, 0x00, 0x00, 0x00, 0x00, 0x00, 0x00, 0x00, 
	0x00, 0x00, 0x00, 0x00, 0x00, 0x00, 0x00, 0x00, 
	0x00, 0x00, 0x00, 0x00, 0x00, 0x00, 0x00, 0x00, 
	0x00, 0x00, 0x00, 0x00, 0x00, 0x00, 0x00, 0x00, 
	0x00, 0x00, 0x00, 0x00, 0x00, 0x00, 0x00, 0x00, 
	0x00, 0x00, 0x00, 0x00, 0x00, 0x00, 0x00, 0x00, 
	0x00, 0x00, 0x00, 0x00, 0x00, 0x00, 0x00, 0x00, 
	0x00, 0x00, 0x00, 0x00, 0x00, 0x00, 0x00, 0x00, 
	0x00, 0x00, 0x00, 0x00, 0x00, 0x00, 0x00, 0x00, 
	0x00, 0x00, 0x00, 0x00, 0x00, 0x00, 0x00, 0x00, 
	0x00, 0x00, 0x00, 0x00, 0x00, 0x00, 0x00, 0x00, 
	0x00, 0x00, 0x00, 0x00, 0x00, 0x00, 0x00, 0x00, 
	0x00, 0x00, 0x00, 0x00, 0x00, 0x00, 0x00, 0x00, 
	0x00, 0x00, 0x00, 0x00, 0x00, 0x00, 0x00, 0x00, 
	0x00, 0x00, 0x00, 0x00, 0x00, 0xba, 0x00, 0x00, 
	0x00, 0x00, 0x00, 0x00, 0x00, 0x00, 0x00, 0x00, 
	0x00, 0x00, 0x00, 0x00, 0x00, 0x00, 0x00, 0x00, 
	0x00, 0xda, 0x00, 0x00, 0x00, 0x00, 0x00, 0x00, 
	0x00, 0x00, 0x00, 0x00, 0x00, 0xdb, 0x82, 0x00, 
	0x00, 0x00, 0x00, 0x00, 0x00, 0x00, 0x00, 0x00, 
	0x00, 0x00, 0x00, 0x00, 0x00, 0x00, 0x00, 0x00, 
	0xdc, 0xdc, 0x00, 0x00, 0x00, 0x00, 0x00, 0x00, 
	0x00, 0x00, 0x00, 0x00, 0x00, 0xdb, 0xdb, 0xa7, 
	0xdd, 0x00, 0x00, 0x00, 0x00, 0x00, 0x00, 0x00, 
	0x00, 0x00, 0x00, 0x00, 0x00, 0x00, 0x00, 0x38, 
	0xde, 0xdc, 0x00, 0x00, 0x00, 0x00, 0x00, 0x00, 
	0x00, 0x00, 0x00, 0x00, 0x00, 0xdb, 0xdb, 0xdf, 
	0x73, 0xe0, 0x00, 0x00, 0x00, 0x00, 0x00, 0x00, 
	0x00, 0x00, 0x00, 0x00, 0x00, 0xe1, 0x20, 0xe2, 
	0xde, 0xdc, 0x00, 0x00, 0x00, 0x00, 0x00, 0x00, 
	0x00, 0x00, 0x00, 0x00, 0x00, 0xdf, 0xdf, 0xdf, 
	0xe3, 0x73, 0x5c, 0x00, 0x00, 0x00, 0x00, 0x00, 
	0x00, 0x00, 0x00, 0x00, 0xe1, 0xe1, 0x20, 0x50, 
	0x43, 0xe3, 0x00, 0x00, 0x00, 0x00, 0x00, 0x00, 
	0x00, 0x00, 0x00, 0x00, 0x00, 0xe4, 0xe5, 0x73, 
	0x73, 0x73, 0xe0, 0x00, 0x00, 0x00, 0x00, 0x00, 
	0x00, 0x00, 0x00, 0x00, 0xe1, 0xe6, 0xe7, 0xe7, 
	0x43, 0xdc, 0x00, 0x00, 0x00, 0x00, 0x00, 0x00, 
	0x00, 0x00, 0x00, 0x00, 0x00, 0xe4, 0xe4, 0xe8, 
	0xe9, 0xdd, 0xdd, 0x00, 0x00, 0x00, 0x00, 0x00, 
	0x00, 0x00, 0x00, 0x00, 0xe6, 0xe6, 0xe7, 0xe2, 
	0xea, 0xdd, 0x00, 0x00, 0x00, 0x00, 0x00, 0x00, 
	0x00, 0x00, 0x00, 0x00, 0x00, 0xeb, 0xdf, 0xdf, 
	0xe8, 0xdd, 0xdd, 0x00, 0x00, 0x00, 0x00, 0x00, 
	0x00, 0x00, 0x00, 0x00, 0xe6, 0xec, 0xec, 0xed, 
	0xee, 0xee, 0x00, 0x00, 0x00, 0x00, 0x00, 0x00, 
	0x00, 0x00, 0x00, 0x00, 0x00, 0xef, 0xef, 0xdf, 
	0xdf, 0xe9, 0xdd, 0x00, 0x00, 0x00, 0x00, 0x00, 
	0x00, 0x00, 0x00, 0x00, 0xe2, 0xe7, 0xe6, 0x37, 
	0xf0, 0xee, 0x00, 0x00, 0x00, 0x00, 0x00, 0x00, 
	0x00, 0x00, 0x00, 0x00, 0x00, 0x00, 0xf1, 0xf1, 
	0xf2, 0xf3, 0xf2, 0x00, 0x00, 0x00, 0x00, 0x00, 
	0x00, 0x00, 0x00, 0x00, 0xf4, 0xe2, 0x2b, 0xf5, 
	0xee, 0xcc, 0x00, 0x00, 0x00, 0x00, 0x00, 0x00, 
	0x00, 0x00, 0x00, 0x00, 0x00, 0x00, 0x00, 0xdf, 
	0xf2, 0xf2, 0x73, 0x00, 0x00, 0x00, 0x00, 0x00, 
	0x00, 0x00, 0x00, 0x00, 0xf6, 0xf4, 0xe2, 0xe2, 
	0xf5, 0x00, 0x00, 0x00, 0x00, 0x00, 0x00, 0x00, 
	0x00, 0x00, 0x00, 0x00, 0x00, 0x00, 0x00, 0x00, 
	0x00, 0x73, 0x5c, 0x00, 0x00, 0x00, 0x00, 0x00, 
	0x00, 0x00, 0x00, 0x00, 0xf6, 0x43, 0xf7, 0xf5, 
	0x00, 0x00, 0x00, 0x00, 0x00, 0x00, 0x00, 0x00, 
	0x00, 0x00, 0x00, 0x00, 0x00, 0x00, 0x00, 0x00, 
	0x00, 0x00, 0x73, 0x00, 0x00, 0x00, 0x00, 0x00, 
	0x00, 0x00, 0x00, 0x00, 0x38, 0x43, 0x00, 0x00, 
	0x00, 0x00, 0x00, 0x00, 0x00, 0x00, 0x00, 0x00, 
	0x00, 0x00, 0x00, 0x00, 0x00, 0x00, 0x00, 0x00, 
	0x00, 0x00, 0x00, 0x00, 0x00, 0x00, 0x00, 0x00, 
	0x00, 0x00, 0x00, 0x00, 0x00, 0x00, 0x00, 0x00, 
	0x00, 0x00, 0x00, 0x00, 0x00, 0x00, 0x00, 0x00, 
	0x00, 0x00, 0x00, 0x00, 0x00, 0x00, 0x00, 0x00, 
	0x00, 0x00, 0x00, 0x00, 0x00, 0x00, 0x00, 0x00, 
	0x00, 0x00, 0x00, 0x00, 0x00, 0x00, 0x00, 0x00, 
	0x00, 0x00, 0x00, 0x00, 0x00, 0x00, 0x00, 0x00, 
	0x00, 0x00, 0x00, 0x00, 0x00, 0x00, 0x00, 0x00, 
	0x00, 0x00, 0x00, 0x00, 0x00, 0x00, 0x00, 0x00, 
	0x00, 0x00, 0x00, 0x00, 0x00, 0x00, 0x00, 0x00, 
	0x00, 0x00, 0x00, 0x00, 0x00, 0x00, 0x00, 0x00, 
	0x00, 0x00, 0x00, 0x00, 0x00, 0x00, 0x00, 0x00, 
	0x00, 0x00, 0x00, 0x00, 0x00, 0x00, 0x00, 0x00, 
	0x00, 0x00, 0x00, 0x00, 0x00, 0x00, 0x00, 0x00, 
	0x00, 0x00, 0x00, 0x00, 0x00, 0x00, 0x00, 0x00, 
	0x00, 0x00, 0x00, 0x00, 0x00, 0x00, 0x00, 0x00, 
	0x00, 0x00, 0x00, 0x00, 0x00, 0x00, 0x00, 0x00, 
	0x00, 0x00, 0x00, 0x00, 0x00, 0x00, 0x00, 0x00, 
	0x00, 0x00, 0x00, 0x00, 0x00, 0x00, 0x00, 0x00, 
	0x00, 0x00, 0x00, 0x00, 0x00, 0x00, 0x00, 0x00, 
	0x00, 0x00, 0x00, 0x00, 0x00, 0x00, 0x00, 0x00, 
	0x00, 0x00, 0x00, 0x00, 0x00, 0x00, 0x00, 0x00, 
	0x00, 0x00, 0x00, 0x00, 0x00, 0x00, 0x00, 0x00, 
	0x00, 0x00, 0x00, 0x00, 0x00, 0x00, 0x00, 0x00, 
	0x00, 0x00, 0x00, 0x00, 0x00, 0x00, 0x00, 0x00, 
	0x00, 0x00, 0x00, 0x00, 0x00, 0x00, 0x00, 0x00, 
	0x00, 0x00, 0x00, 0x00, 0x00, 0x00, 0x00, 0x00, 
	0x00, 0x00, 0x00, 0x00, 0x00, 0x00, 0x00, 0x00, 
	0x00, 0x00, 0x00, 0x00, 0x00, 0x00, 0x00, 0x00, 
	0x00, 0x00, 0x00, 0x00, 0x00, 0x00, 0x00, 0x00, 
	0x00, 0x00, 0x00, 0x00, 0x00, 0x00, 0x00, 0x00, 
	0x00, 0x00, 0x00, 0x00, 0x00, 0x00, 0x00, 0x00, 
	0x00, 0x00, 0x00, 0x00, 0x00, 0x00, 0x00, 0x00, 
	0x00, 0x00, 0x00, 0x00, 0x00, 0x00, 0x00, 0x00, 
	0x00, 0x00, 0x00, 0x00, 0x00, 0x00, 0x00, 0x00, 
	0x00, 0x00, 0x00, 0x00, 0x00, 0x00, 0x00, 0x00, 
	0x00, 0x00, 0x00, 0x00, 0x00, 0x00, 0x00, 0x00, 
	0x00, 0x00, 0x00, 0x00, 0x00, 0x00, 0x00, 0x00, 
	0x00, 0x00, 0x00, 0x00, 0x00, 0x00, 0x00, 0x00, 
	0x00, 0x00, 0x00, 0x00, 0x00, 0x00, 0x00, 0x00, 
	0x00, 0x00, 0x00, 0x00, 0x00, 0x00, 0x00, 0x00, 
	0x00, 0x00, 0x00, 0x00, 0x00, 0x00, 0x00, 0x00, 
	0x00, 0x00, 0x00, 0x00, 0x00, 0x00, 0x00, 0x00, 
	0x00, 0x00, 0x00, 0x00, 0x00, 0x00, 0x00, 0x00, 
	0x00, 0x00, 0x00, 0x00, 0x00, 0x00, 0x00, 0x00, 
	0x00, 0x00, 0x00, 0x00, 0x00, 0x00, 0x00, 0x00, 
	0x00, 0x00, 0x00, 0x00, 0x00, 0x00, 0x00, 0x00, 
	
};

ALIGNED8 u8 ccm_dl_chains2_pal_rgba16[] = {
	0x00, 0x00, 0xd4, 0xb9, 0xcc, 0xb7, 0xdd, 0x3b, 
	0xe5, 0xbb, 0xd5, 0xf7, 0xce, 0x35, 0xce, 0x75, 
	0xce, 0xb3, 0xc6, 0xf3, 0xbe, 0xf1, 0xd4, 0xfb, 
	0xcc, 0xb9, 0xdc, 0xfb, 0xe5, 0x7d, 0xf5, 0xfd, 
	0xe5, 0xfd, 0xd6, 0x39, 0xd6, 0x77, 0xd6, 0xb7, 
	0xce, 0xb5, 0xc6, 0xb3, 0xb7, 0x2f, 0xcc, 0xf9, 
	0xc4, 0xb7, 0xdd, 0x7d, 0xe5, 0xbd, 0xd5, 0x7b, 
	0xcd, 0xb7, 0xde, 0xb9, 0xd6, 0xf7, 0xbe, 0xf3, 
	0xbf, 0x71, 0xbf, 0xb1, 0xd5, 0xbd, 0xd5, 0x7d, 
	0xc4, 0xf7, 0xbd, 0x33, 0xce, 0x37, 0xd6, 0xf9, 
	0xce, 0xf7, 0xcf, 0x35, 0xcf, 0xb5, 0xc7, 0xb5, 
	0xaf, 0x6f, 0xc5, 0x37, 0xbc, 0xb7, 0xc4, 0xf9, 
	0xd5, 0x3d, 0xcc, 0xfb, 0xc4, 0xb9, 0xbd, 0x75, 
	0xde, 0xf9, 0xd7, 0x39, 0xcf, 0x79, 0xcf, 0xb7, 
	0xb7, 0x71, 0xc5, 0x77, 0xbd, 0x35, 0xb4, 0xb5, 
	0xbc, 0xf9, 0xcd, 0x3d, 0xc4, 0xfb, 0xc5, 0x39, 
	0xcd, 0xb9, 0xd6, 0xbb, 0xc7, 0x77, 0xb7, 0x73, 
	0xaf, 0x71, 0xb5, 0x33, 0xbd, 0x77, 0xbd, 0x37, 
	0xd5, 0xfd, 0xcd, 0x7d, 0xb4, 0xb7, 0xbc, 0xb9, 
	0xc6, 0x37, 0xd7, 0x3b, 0xcf, 0x39, 0xbf, 0x35, 
	0xb7, 0x33, 0xad, 0x73, 0xc5, 0xb9, 0xb4, 0xf7, 
	0xc5, 0x7b, 0xb4, 0xf9, 0xb4, 0xb9, 0xc6, 0x79, 
	0xc6, 0xb9, 0xbe, 0xf7, 0xb6, 0xf5, 0xae, 0xf3, 
	0xb7, 0x75, 0xad, 0x75, 0xc5, 0xfb, 0xb5, 0x37, 
	0xac, 0xf7, 0xc5, 0x7d, 0xbd, 0x3b, 0xbe, 0x77, 
	0xb6, 0xb7, 0xbf, 0x77, 0xb5, 0xb7, 0xb5, 0x79, 
	0xac, 0xf5, 0xbd, 0x7b, 0xb6, 0x77, 0xb6, 0xf7, 
	0xbd, 0xf9, 0xb5, 0xb9, 0xbd, 0xbb, 0xb5, 0x39, 
	0xae, 0xb5, 0xae, 0xf5, 0xaf, 0x35, 0xaf, 0x75, 
	0xb5, 0xf9, 0xad, 0x77, 0xb5, 0xbb, 0xbd, 0xbd, 
	0xac, 0xf9, 0xb6, 0x79, 0xb6, 0xb9, 0xb6, 0xf9, 
	0xb7, 0x37, 0xad, 0xf7, 0xad, 0x39, 0xbe, 0xfb, 
	0xbf, 0x3b, 0xbf, 0x79, 0xaf, 0x37, 0xa5, 0xb5, 
	0xad, 0x79, 0xae, 0xb7, 0xae, 0xf7, 0xb7, 0x79, 
	0xb7, 0x77, 0xa5, 0xb3, 0xad, 0xf9, 0xa5, 0x77, 
	0xad, 0x7b, 0xbe, 0x79, 0xbe, 0xb9, 0xae, 0x75, 
	0xae, 0x37, 0xa5, 0xb7, 0xb5, 0xfb, 0xbd, 0xfd, 
	0xbe, 0x3d, 0xc6, 0x7d, 0xc6, 0x3d, 0xcf, 0x3d, 
	0xc6, 0xfd, 0xae, 0x77, 0xae, 0x39, 0xbe, 0x3b, 
	0xb6, 0x3b, 0xd7, 0x7d, 0xcf, 0x7d, 0xa6, 0xb5, 
	0xa6, 0xf5, 0xa5, 0xf5, 0xbe, 0x7d, 0xc7, 0x3d, 
	0xbf, 0x3d, 0xb7, 0x39, 0xa7, 0x37, 0xaf, 0x77, 
	0x9d, 0xb3, 0xa5, 0xf7, 0xae, 0x79, 0xa6, 0x77, 
	0xaf, 0x39, 0xb7, 0x7b, 0x9d, 0xf3, 0x9d, 0xb5, 
	0x9d, 0xb7, 0xa5, 0xb9, 0xad, 0xfb, 0xa6, 0x39, 
	0x9e, 0x75, 0xb7, 0x3b, 0xa5, 0xf9, 0xa6, 0x37, 
	0xae, 0xb9, 0xbf, 0x7b, 0xaf, 0x79, 0x9d, 0xf5, 
	0xae, 0x7b, 0x95, 0xb7, 0x95, 0x75, 0xa6, 0x3b, 
	0xb6, 0xbd, 0xbe, 0xbd, 0xb6, 0x7b, 0xbe, 0xbb, 
	0xc7, 0x7d, 0xbf, 0x39, 0xb7, 0x35, 0x9d, 0xf9, 
	0xa6, 0x7b, 0x9e, 0x39, 0x9e, 0x37, 0x9d, 0xf7, 
	0xcf, 0xbd, 0xc7, 0xbb, 0xa6, 0x79, 0x96, 0x37, 
	0x9e, 0x35, 0xbe, 0xf9, 0xbf, 0x37, 0x9e, 0x79, 
	0x96, 0x35, 0xae, 0xbd, 0xa6, 0xb9, 0x9e, 0x77, 
	0x96, 0x77, 0x96, 0x75, 0xa7, 0x71, 0xa7, 0x35, 
	0xaf, 0x73, 0xb7, 0xb7, 0xb7, 0xb3, 0xa7, 0x75, 
	0xb7, 0xb5, 0xc7, 0xb3, 0xbf, 0x73, 0xaf, 0x33, 
	0xa7, 0xb7, 0xa7, 0x77, 0xc7, 0x73, 0xbf, 0x33, 
	0xaf, 0xb7, 0xaf, 0xb5, 0xbf, 0xb7, 0xa7, 0xb5, 
	0xc7, 0x33, 0xc7, 0x75, 0xc7, 0xb9, 0x9f, 0x75, 
	0xc7, 0xb7, 0x9f, 0x33, 0xa7, 0x73, 0xa7, 0x33, 
	0xb7, 0x31, 0xbf, 0x75, 0xaf, 0x31, 0xbf, 0xb5, 
	
};

ALIGNED8 u8 ccm_dl__6_ci8[] = {
	0x00, 0x01, 0x01, 0x02, 0x01, 0x03, 0x04, 0x05, 
	0x06, 0x06, 0x06, 0x06, 0x06, 0x06, 0x06, 0x00, 
	0x00, 0x00, 0x00, 0x00, 0x00, 0x05, 0x07, 0x06, 
	0x07, 0x07, 0x00, 0x08, 0x08, 0x08, 0x06, 0x07, 
	0x06, 0x00, 0x05, 0x06, 0x07, 0x05, 0x06, 0x06, 
	0x06, 0x06, 0x06, 0x06, 0x06, 0x06, 0x06, 0x07, 
	0x07, 0x07, 0x07, 0x06, 0x07, 0x06, 0x04, 0x08, 
	0x07, 0x06, 0x06, 0x06, 0x07, 0x00, 0x09, 0x08, 
	0x0a, 0x0b, 0x0b, 0x0b, 0x0c, 0x0c, 0x0b, 0x0c, 
	0x0b, 0x0b, 0x0b, 0x0b, 0x0d, 0x0d, 0x0c, 0x0e, 
	0x0e, 0x0f, 0x0c, 0x0c, 0x0c, 0x0c, 0x0d, 0x0b, 
	0x0b, 0x0b, 0x0b, 0x0d, 0x0d, 0x0d, 0x0a, 0x0a, 
	0x0e, 0x0c, 0x0e, 0x0f, 0x10, 0x10, 0x0f, 0x0f, 
	0x0f, 0x0f, 0x0f, 0x0f, 0x0f, 0x10, 0x10, 0x10, 
	0x01, 0x10, 0x10, 0x0f, 0x10, 0x10, 0x0e, 0x0e, 
	0x0e, 0x0f, 0x0f, 0x0f, 0x0f, 0x0f, 0x0e, 0x0e, 
	0x0f, 0x10, 0x10, 0x0f, 0x10, 0x10, 0x10, 0x10, 
	0x01, 0x01, 0x01, 0x01, 0x01, 0x01, 0x01, 0x01, 
	0x01, 0x01, 0x10, 0x01, 0x01, 0x10, 0x11, 0x01, 
	0x10, 0x10, 0x10, 0x10, 0x10, 0x0f, 0x10, 0x10, 
	0x0f, 0x0f, 0x0e, 0x0e, 0x0f, 0x0f, 0x10, 0x10, 
	0x10, 0x10, 0x10, 0x10, 0x01, 0x10, 0x10, 0x10, 
	0x01, 0x10, 0x01, 0x01, 0x01, 0x01, 0x01, 0x01, 
	0x10, 0x10, 0x10, 0x10, 0x0f, 0x10, 0x10, 0x0f, 
	0x0f, 0x0f, 0x0e, 0x0f, 0x0f, 0x0f, 0x0f, 0x0f, 
	0x0f, 0x0f, 0x0f, 0x10, 0x10, 0x10, 0x0f, 0x10, 
	0x10, 0x10, 0x10, 0x01, 0x01, 0x01, 0x01, 0x01, 
	0x0f, 0x10, 0x10, 0x01, 0x10, 0x10, 0x10, 0x0f, 
	0x0f, 0x0f, 0x0f, 0x0f, 0x0f, 0x0f, 0x0f, 0x0f, 
	0x0f, 0x0e, 0x0f, 0x0f, 0x10, 0x10, 0x0f, 0x0f, 
	0x10, 0x01, 0x01, 0x01, 0x01, 0x01, 0x01, 0x10, 
	0x10, 0x01, 0x10, 0x10, 0x0f, 0x10, 0x10, 0x0f, 
	0x0f, 0x0f, 0x0f, 0x10, 0x0f, 0x0f, 0x10, 0x10, 
	0x10, 0x10, 0x10, 0x0f, 0x0f, 0x0f, 0x0f, 0x0f, 
	0x10, 0x10, 0x01, 0x01, 0x01, 0x10, 0x10, 0x10, 
	0x0f, 0x10, 0x10, 0x10, 0x10, 0x0f, 0x0f, 0x0f, 
	0x0f, 0x10, 0x10, 0x10, 0x10, 0x0f, 0x0f, 0x10, 
	0x10, 0x10, 0x10, 0x0f, 0x0f, 0x0f, 0x0f, 0x10, 
	0x10, 0x10, 0x10, 0x10, 0x10, 0x10, 0x10, 0x10, 
	0x10, 0x0f, 0x0f, 0x0f, 0x10, 0x10, 0x0f, 0x0f, 
	0x0f, 0x10, 0x10, 0x10, 0x10, 0x10, 0x10, 0x10, 
	0x10, 0x10, 0x10, 0x10, 0x10, 0x10, 0x10, 0x10, 
	0x10, 0x10, 0x10, 0x10, 0x10, 0x10, 0x0f, 0x0f, 
	0x10, 0x0f, 0x0f, 0x0f, 0x0f, 0x0f, 0x0f, 0x0f, 
	0x0f, 0x0f, 0x0f, 0x0f, 0x0f, 0x0f, 0x0f, 0x0f, 
	0x10, 0x10, 0x10, 0x10, 0x0f, 0x10, 0x0f, 0x0f, 
	0x0f, 0x0e, 0x0f, 0x0f, 0x0f, 0x10, 0x10, 0x10, 
	0x10, 0x0f, 0x0f, 0x0f, 0x0f, 0x0f, 0x0e, 0x0c, 
	0x12, 0x12, 0x0a, 0x0a, 0x0a, 0x0a, 0x0a, 0x0a, 
	0x0a, 0x0a, 0x0a, 0x0a, 0x0a, 0x0a, 0x0a, 0x0a, 
	0x0a, 0x0a, 0x0a, 0x0a, 0x0a, 0x0a, 0x0a, 0x0a, 
	0x0a, 0x0a, 0x0a, 0x0a, 0x0a, 0x0a, 0x0a, 0x0a, 
	0x0e, 0x0e, 0x0c, 0x0c, 0x0c, 0x0c, 0x0c, 0x0c, 
	0x0c, 0x0c, 0x0c, 0x0c, 0x0c, 0x0c, 0x0c, 0x0c, 
	0x0e, 0x0e, 0x0e, 0x0e, 0x0e, 0x0e, 0x0e, 0x0e, 
	0x0e, 0x0e, 0x0e, 0x0e, 0x0e, 0x0e, 0x0e, 0x0e, 
	0x0f, 0x0e, 0x0e, 0x0e, 0x0e, 0x0e, 0x0c, 0x0e, 
	0x0e, 0x0f, 0x0f, 0x0f, 0x0f, 0x0f, 0x0e, 0x0c, 
	0x0e, 0x0c, 0x0c, 0x0c, 0x0c, 0x0e, 0x0e, 0x0f, 
	0x0e, 0x0e, 0x0e, 0x0e, 0x0f, 0x0f, 0x0f, 0x10, 
	0x0f, 0x0f, 0x0e, 0x0f, 0x0e, 0x0f, 0x0f, 0x0f, 
	0x10, 0x10, 0x10, 0x01, 0x0f, 0x0f, 0x10, 0x0e, 
	0x0e, 0x0f, 0x0e, 0x0c, 0x0e, 0x0f, 0x0e, 0x0f, 
	0x0e, 0x0f, 0x0e, 0x0f, 0x0f, 0x0f, 0x10, 0x0f, 
	0x01, 0x10, 0x10, 0x10, 0x11, 0x11, 0x11, 0x11, 
	0x11, 0x11, 0x11, 0x11, 0x11, 0x03, 0x03, 0x03, 
	0x03, 0x03, 0x03, 0x03, 0x03, 0x03, 0x03, 0x03, 
	0x11, 0x11, 0x03, 0x03, 0x03, 0x03, 0x11, 0x11, 
	0x10, 0x01, 0x01, 0x01, 0x01, 0x11, 0x01, 0x01, 
	0x01, 0x01, 0x01, 0x01, 0x01, 0x11, 0x11, 0x01, 
	0x01, 0x01, 0x01, 0x11, 0x11, 0x01, 0x01, 0x01, 
	0x01, 0x01, 0x01, 0x01, 0x01, 0x01, 0x01, 0x01, 
	0x0f, 0x10, 0x10, 0x10, 0x10, 0x10, 0x10, 0x0f, 
	0x0f, 0x10, 0x10, 0x01, 0x01, 0x01, 0x01, 0x01, 
	0x01, 0x10, 0x01, 0x01, 0x01, 0x10, 0x10, 0x0f, 
	0x10, 0x10, 0x10, 0x01, 0x01, 0x01, 0x01, 0x10, 
	0x0f, 0x0f, 0x0f, 0x0f, 0x10, 0x0f, 0x10, 0x0f, 
	0x0f, 0x10, 0x01, 0x0f, 0x0f, 0x0f, 0x0f, 0x10, 
	0x10, 0x10, 0x10, 0x10, 0x10, 0x10, 0x10, 0x0f, 
	0x0f, 0x0f, 0x10, 0x01, 0x01, 0x10, 0x10, 0x10, 
	0x0f, 0x0e, 0x0e, 0x0e, 0x0f, 0x10, 0x10, 0x0f, 
	0x0e, 0x0f, 0x0f, 0x0f, 0x0f, 0x0f, 0x0f, 0x0f, 
	0x0e, 0x10, 0x10, 0x10, 0x0f, 0x0f, 0x10, 0x0f, 
	0x0f, 0x0f, 0x0f, 0x10, 0x10, 0x10, 0x0f, 0x0f, 
	0x0f, 0x0f, 0x0e, 0x0e, 0x0f, 0x0f, 0x0f, 0x0f, 
	0x0e, 0x0f, 0x0e, 0x0f, 0x0f, 0x0f, 0x0f, 0x0f, 
	0x0f, 0x10, 0x10, 0x0f, 0x0f, 0x10, 0x0f, 0x0f, 
	0x0f, 0x0f, 0x0f, 0x0f, 0x0f, 0x0f, 0x0f, 0x0f, 
	0x0f, 0x0f, 0x0e, 0x0e, 0x0f, 0x0f, 0x0f, 0x0f, 
	0x0f, 0x0f, 0x0f, 0x10, 0x0f, 0x0f, 0x0f, 0x0f, 
	0x0f, 0x0f, 0x10, 0x0f, 0x10, 0x0f, 0x0f, 0x0f, 
	0x0f, 0x0e, 0x0e, 0x0e, 0x0e, 0x0e, 0x0e, 0x0e, 
	0x0f, 0x0f, 0x0e, 0x0e, 0x0f, 0x0f, 0x0f, 0x0f, 
	0x0e, 0x0f, 0x0f, 0x0f, 0x0f, 0x0f, 0x0f, 0x0e, 
	0x0f, 0x0f, 0x10, 0x10, 0x0f, 0x0f, 0x0f, 0x0f, 
	0x0e, 0x0e, 0x0e, 0x0e, 0x0e, 0x0e, 0x0f, 0x0e, 
	0x0f, 0x0f, 0x0f, 0x10, 0x10, 0x0c, 0x0f, 0x0f, 
	0x0f, 0x0f, 0x0f, 0x0f, 0x0f, 0x0f, 0x0f, 0x0f, 
	0x0f, 0x0f, 0x10, 0x0f, 0x10, 0x0f, 0x0f, 0x0e, 
	0x0f, 0x10, 0x0f, 0x0e, 0x0e, 0x0f, 0x0f, 0x0f, 
	0x0e, 0x0f, 0x0f, 0x0f, 0x0f, 0x0f, 0x0f, 0x0f, 
	0x0f, 0x0f, 0x0f, 0x0f, 0x0f, 0x0f, 0x0e, 0x0f, 
	0x0f, 0x0f, 0x0f, 0x0f, 0x0f, 0x0f, 0x10, 0x10, 
	0x10, 0x10, 0x10, 0x10, 0x10, 0x10, 0x10, 0x0f, 
	0x0c, 0x0c, 0x0c, 0x0c, 0x0e, 0x0e, 0x0e, 0x0e, 
	0x0e, 0x0e, 0x0e, 0x0e, 0x0e, 0x0e, 0x0e, 0x0e, 
	0x0e, 0x0e, 0x0e, 0x0e, 0x0e, 0x0e, 0x0e, 0x0e, 
	0x0e, 0x0e, 0x0e, 0x0e, 0x0e, 0x0e, 0x0e, 0x0c, 
	0x13, 0x12, 0x12, 0x12, 0x12, 0x12, 0x12, 0x12, 
	0x0a, 0x0a, 0x0a, 0x0a, 0x0a, 0x0a, 0x0a, 0x0a, 
	0x0a, 0x12, 0x12, 0x12, 0x12, 0x12, 0x12, 0x12, 
	0x12, 0x12, 0x12, 0x12, 0x12, 0x12, 0x12, 0x12, 
	0x0d, 0x0b, 0x0b, 0x0b, 0x0b, 0x0d, 0x0d, 0x0d, 
	0x0d, 0x0d, 0x0d, 0x0d, 0x0d, 0x0b, 0x0b, 0x0b, 
	0x0d, 0x0d, 0x0d, 0x0d, 0x0d, 0x0d, 0x0d, 0x0d, 
	0x0d, 0x0d, 0x0d, 0x0d, 0x0d, 0x0d, 0x0d, 0x0c, 
	0x0c, 0x0c, 0x0c, 0x0e, 0x0e, 0x0e, 0x0e, 0x0e, 
	0x0e, 0x0c, 0x0c, 0x0e, 0x0e, 0x0e, 0x0e, 0x0e, 
	0x0c, 0x0c, 0x0c, 0x0c, 0x0c, 0x0c, 0x0c, 0x0c, 
	0x0c, 0x0c, 0x0c, 0x0c, 0x0c, 0x0c, 0x0c, 0x0c, 
	0x0e, 0x0e, 0x0e, 0x0e, 0x0e, 0x0e, 0x0e, 0x0e, 
	0x0e, 0x0c, 0x0c, 0x0e, 0x0e, 0x0e, 0x0c, 0x0c, 
	0x0c, 0x0c, 0x0e, 0x0e, 0x0e, 0x0e, 0x0c, 0x0c, 
	0x0e, 0x0e, 0x0e, 0x0e, 0x0e, 0x0e, 0x0e, 0x0e, 
	0x0f, 0x0f, 0x0f, 0x0f, 0x0e, 0x0e, 0x0f, 0x0f, 
	0x0f, 0x0f, 0x0f, 0x0f, 0x0e, 0x0e, 0x0c, 0x0c, 
	0x0c, 0x0c, 0x0e, 0x0e, 0x0e, 0x0e, 0x0e, 0x0e, 
	0x0e, 0x0e, 0x0e, 0x0e, 0x0e, 0x0e, 0x0e, 0x0e, 
	
};

ALIGNED8 u8 ccm_dl__6_pal_rgba16[] = {
	0xdf, 0x39, 0xce, 0x73, 0xd6, 0xf5, 0xde, 0xf7, 
	0xe7, 0x79, 0xe7, 0x7b, 0xf7, 0xbd, 0xef, 0x7b, 
	0xe7, 0x39, 0xd6, 0xf7, 0x94, 0xa5, 0x9c, 0xe7, 
	0xad, 0x6b, 0xa5, 0x29, 0xb5, 0xad, 0xbd, 0xef, 
	0xc6, 0x31, 0xd6, 0xb5, 0x8c, 0x63, 0x84, 0x21, 
	
};

Vtx ccm_dl_Plane_mesh_layer_1_vtx_cull[8] = {
	{{ {-500, 0, 500}, 0, {0, 0}, {0, 0, 0, 0} }},
	{{ {-500, 0, 500}, 0, {0, 0}, {0, 0, 0, 0} }},
	{{ {-500, 0, -6968}, 0, {0, 0}, {0, 0, 0, 0} }},
	{{ {-500, 0, -6968}, 0, {0, 0}, {0, 0, 0, 0} }},
	{{ {500, 0, 500}, 0, {0, 0}, {0, 0, 0, 0} }},
	{{ {500, 0, 500}, 0, {0, 0}, {0, 0, 0, 0} }},
	{{ {500, 0, -6968}, 0, {0, 0}, {0, 0, 0, 0} }},
	{{ {500, 0, -6968}, 0, {0, 0}, {0, 0, 0, 0} }},
};

Vtx ccm_dl_Plane_mesh_layer_1_vtx_0[20] = {
	{{ {172, 0, -5968}, 0, {525, 459}, {46, 46, 46, 255} }},
	{{ {-172, 0, -5968}, 0, {570, 178}, {46, 46, 46, 255} }},
	{{ {-172, 0, -5053}, 0, {-178, 58}, {142, 142, 142, 255} }},
	{{ {172, 0, -5053}, 0, {-223, 340}, {158, 158, 158, 255} }},
	{{ {-373, 0, 373}, 0, {14, 777}, {223, 223, 223, 255} }},
	{{ {-500, 0, -500}, 0, {-479, -63}, {7, 7, 7, 255} }},
	{{ {-500, 0, 500}, 0, {-63, 959}, {3, 3, 3, 255} }},
	{{ {-373, 0, -373}, 0, {-297, 14}, {217, 217, 217, 255} }},
	{{ {373, 0, -373}, 0, {466, -297}, {229, 229, 229, 255} }},
	{{ {373, 0, 373}, 0, {777, 466}, {223, 223, 223, 255} }},
	{{ {500, 0, 500}, 0, {959, 543}, {0, 0, 0, 255} }},
	{{ {500, 0, -500}, 0, {543, -479}, {38, 38, 38, 255} }},
	{{ {-343, 0, -6125}, 0, {32, 734}, {215, 215, 215, 255} }},
	{{ {-500, 0, -6968}, 0, {-479, -63}, {0, 0, 0, 255} }},
	{{ {-500, 0, -5968}, 0, {-63, 959}, {24, 24, 24, 255} }},
	{{ {-343, 0, -6812}, 0, {-254, 32}, {214, 214, 214, 255} }},
	{{ {343, 0, -6812}, 0, {448, -254}, {255, 255, 255, 4} }},
	{{ {343, 0, -6125}, 0, {734, 448}, {214, 214, 214, 255} }},
	{{ {500, 0, -5968}, 0, {959, 543}, {3, 3, 3, 255} }},
	{{ {500, 0, -6968}, 0, {543, -479}, {48, 48, 48, 0} }},
};

Vtx ccm_dl_Plane_001_mesh_layer_1_vtx_cull[8] = {
	{{ {-518, -3626, 118}, 0, {0, 0}, {0, 0, 0, 0} }},
	{{ {-518, 3592, 118}, 0, {0, 0}, {0, 0, 0, 0} }},
	{{ {-518, 3592, -5991}, 0, {0, 0}, {0, 0, 0, 0} }},
	{{ {-518, -3626, -5991}, 0, {0, 0}, {0, 0, 0, 0} }},
	{{ {518, -3626, 118}, 0, {0, 0}, {0, 0, 0, 0} }},
	{{ {518, 3592, 118}, 0, {0, 0}, {0, 0, 0, 0} }},
	{{ {518, 3592, -5991}, 0, {0, 0}, {0, 0, 0, 0} }},
	{{ {518, -3626, -5991}, 0, {0, 0}, {0, 0, 0, 0} }},
};

Vtx ccm_dl_Plane_001_mesh_layer_1_vtx_0[56] = {
	{{ {402, -2344, -1882}, 0, {674, -194}, {255, 255, 255, 255} }},
	{{ {518, -3626, -1882}, 0, {800, 800}, {66, 66, 66, 255} }},
	{{ {518, -2182, -1882}, 0, {800, -320}, {66, 66, 66, 64} }},
	{{ {402, -3464, -1882}, 0, {674, 674}, {255, 255, 255, 255} }},
	{{ {-402, -3464, -1882}, 0, {-194, 674}, {255, 255, 255, 255} }},
	{{ {-402, -2344, -1882}, 0, {-194, -194}, {255, 255, 255, 255} }},
	{{ {-518, -2182, -1882}, 0, {-320, -320}, {66, 66, 66, 255} }},
	{{ {-518, -3626, -1882}, 0, {-320, 800}, {66, 66, 66, 255} }},
	{{ {-402, 662, -882}, 0, {-194, -194}, {255, 255, 255, 255} }},
	{{ {518, 825, -882}, 0, {800, -320}, {66, 66, 66, 64} }},
	{{ {-518, 825, -882}, 0, {-320, -320}, {66, 66, 66, 255} }},
	{{ {402, 662, -882}, 0, {674, -194}, {255, 255, 255, 255} }},
	{{ {-402, -457, -882}, 0, {-194, 674}, {255, 255, 255, 255} }},
	{{ {-518, -620, -882}, 0, {-320, 800}, {66, 66, 66, 255} }},
	{{ {402, -457, -882}, 0, {674, 674}, {255, 255, 255, 255} }},
	{{ {518, -620, -882}, 0, {800, 800}, {66, 66, 66, 255} }},
	{{ {-402, 2310, 118}, 0, {-194, 674}, {255, 255, 255, 255} }},
	{{ {-518, 3592, 118}, 0, {-320, -320}, {66, 66, 66, 255} }},
	{{ {-518, 2148, 118}, 0, {-320, 800}, {66, 66, 66, 255} }},
	{{ {-402, 3430, 118}, 0, {-194, -194}, {255, 255, 255, 255} }},
	{{ {402, 3430, 118}, 0, {674, -194}, {255, 255, 255, 255} }},
	{{ {402, 2310, 118}, 0, {674, 674}, {255, 255, 255, 255} }},
	{{ {518, 2148, 118}, 0, {800, 800}, {66, 66, 66, 255} }},
	{{ {518, 3592, 118}, 0, {800, -320}, {66, 66, 66, 64} }},
	{{ {402, -2344, -2882}, 0, {674, -194}, {255, 255, 255, 255} }},
	{{ {518, -3626, -2882}, 0, {800, 800}, {66, 66, 66, 255} }},
	{{ {518, -2182, -2882}, 0, {800, -320}, {66, 66, 66, 64} }},
	{{ {402, -3464, -2882}, 0, {674, 674}, {255, 255, 255, 255} }},
	{{ {-402, -3464, -2882}, 0, {-194, 674}, {255, 255, 255, 255} }},
	{{ {-402, -2344, -2882}, 0, {-194, -194}, {255, 255, 255, 255} }},
	{{ {-518, -2182, -2882}, 0, {-320, -320}, {66, 66, 66, 255} }},
	{{ {-518, -3626, -2882}, 0, {-320, 800}, {66, 66, 66, 255} }},
	{{ {402, 621, -3882}, 0, {674, -194}, {255, 255, 255, 255} }},
	{{ {518, -661, -3882}, 0, {800, 800}, {66, 66, 66, 255} }},
	{{ {518, 783, -3882}, 0, {800, -320}, {66, 66, 66, 64} }},
	{{ {402, -499, -3882}, 0, {674, 674}, {255, 255, 255, 255} }},
	{{ {-402, -499, -3882}, 0, {-194, 674}, {255, 255, 255, 255} }},
	{{ {-402, 621, -3882}, 0, {-194, -194}, {255, 255, 255, 255} }},
	{{ {-518, 783, -3882}, 0, {-320, -320}, {66, 66, 66, 255} }},
	{{ {-518, -661, -3882}, 0, {-320, 800}, {66, 66, 66, 255} }},
	{{ {-402, 1983, -4882}, 0, {-194, 674}, {255, 255, 255, 255} }},
	{{ {-518, 3266, -4882}, 0, {-320, -320}, {66, 66, 66, 255} }},
	{{ {-518, 1821, -4882}, 0, {-320, 800}, {66, 66, 66, 255} }},
	{{ {-402, 3103, -4882}, 0, {-194, -194}, {255, 255, 255, 255} }},
	{{ {402, 3103, -4882}, 0, {674, -194}, {255, 255, 255, 255} }},
	{{ {402, 1983, -4882}, 0, {674, 674}, {255, 255, 255, 255} }},
	{{ {518, 1821, -4882}, 0, {800, 800}, {66, 66, 66, 255} }},
	{{ {518, 3266, -4882}, 0, {800, -320}, {66, 66, 66, 64} }},
	{{ {-402, 1983, -5882}, 0, {-194, 674}, {255, 255, 255, 255} }},
	{{ {-518, 3266, -5882}, 0, {-320, -320}, {66, 66, 66, 255} }},
	{{ {-518, 1821, -5882}, 0, {-320, 800}, {66, 66, 66, 255} }},
	{{ {-402, 3103, -5882}, 0, {-194, -194}, {255, 255, 255, 255} }},
	{{ {402, 3103, -5882}, 0, {674, -194}, {255, 255, 255, 255} }},
	{{ {402, 1983, -5882}, 0, {674, 674}, {255, 255, 255, 255} }},
	{{ {518, 1821, -5882}, 0, {800, 800}, {66, 66, 66, 255} }},
	{{ {518, 3266, -5882}, 0, {800, -320}, {66, 66, 66, 64} }},
};

Vtx ccm_dl_Plane_001_mesh_layer_1_vtx_1[56] = {
	{{ {438, 713, -991}, 0, {713, -233}, {255, 255, 255, 255} }},
	{{ {-518, 825, -991}, 0, {-320, -320}, {66, 66, 66, 255} }},
	{{ {518, 825, -991}, 0, {800, -320}, {66, 66, 66, 64} }},
	{{ {-438, 713, -991}, 0, {-233, -233}, {215, 215, 215, 255} }},
	{{ {-438, -508, -991}, 0, {-233, 713}, {251, 251, 251, 255} }},
	{{ {438, -508, -991}, 0, {713, 713}, {187, 187, 187, 255} }},
	{{ {518, -620, -991}, 0, {800, 800}, {66, 66, 66, 255} }},
	{{ {-518, -620, -991}, 0, {-320, 800}, {66, 66, 66, 255} }},
	{{ {-438, 3480, 9}, 0, {-233, -233}, {215, 215, 215, 255} }},
	{{ {-518, 2148, 9}, 0, {-320, 800}, {66, 66, 66, 255} }},
	{{ {-518, 3592, 9}, 0, {-320, -320}, {66, 66, 66, 255} }},
	{{ {-438, 2260, 9}, 0, {-233, 713}, {251, 251, 251, 255} }},
	{{ {438, 3480, 9}, 0, {713, -233}, {255, 255, 255, 255} }},
	{{ {518, 3592, 9}, 0, {800, -320}, {66, 66, 66, 64} }},
	{{ {438, 2260, 9}, 0, {713, 713}, {187, 187, 187, 255} }},
	{{ {518, 2148, 9}, 0, {800, 800}, {66, 66, 66, 255} }},
	{{ {438, -2294, -1991}, 0, {713, -233}, {255, 255, 255, 255} }},
	{{ {-518, -2182, -1991}, 0, {-320, -320}, {66, 66, 66, 255} }},
	{{ {518, -2182, -1991}, 0, {800, -320}, {66, 66, 66, 64} }},
	{{ {-438, -2294, -1991}, 0, {-233, -233}, {215, 215, 215, 255} }},
	{{ {-438, -3514, -1991}, 0, {-233, 713}, {251, 251, 251, 255} }},
	{{ {438, -3514, -1991}, 0, {713, 713}, {187, 187, 187, 255} }},
	{{ {518, -3626, -1991}, 0, {800, 800}, {66, 66, 66, 255} }},
	{{ {-518, -3626, -1991}, 0, {-320, 800}, {66, 66, 66, 255} }},
	{{ {438, -2294, -2991}, 0, {713, -233}, {255, 255, 255, 255} }},
	{{ {-518, -2182, -2991}, 0, {-320, -320}, {66, 66, 66, 255} }},
	{{ {518, -2182, -2991}, 0, {800, -320}, {66, 66, 66, 64} }},
	{{ {-438, -2294, -2991}, 0, {-233, -233}, {215, 215, 215, 255} }},
	{{ {-438, -3514, -2991}, 0, {-233, 713}, {251, 251, 251, 255} }},
	{{ {438, -3514, -2991}, 0, {713, 713}, {187, 187, 187, 255} }},
	{{ {518, -3626, -2991}, 0, {800, 800}, {66, 66, 66, 255} }},
	{{ {-518, -3626, -2991}, 0, {-320, 800}, {66, 66, 66, 255} }},
	{{ {438, 671, -3991}, 0, {713, -233}, {255, 255, 255, 255} }},
	{{ {-518, 783, -3991}, 0, {-320, -320}, {66, 66, 66, 255} }},
	{{ {518, 783, -3991}, 0, {800, -320}, {66, 66, 66, 64} }},
	{{ {-438, 671, -3991}, 0, {-233, -233}, {215, 215, 215, 255} }},
	{{ {-438, -549, -3991}, 0, {-233, 713}, {251, 251, 251, 255} }},
	{{ {438, -549, -3991}, 0, {713, 713}, {187, 187, 187, 255} }},
	{{ {518, -661, -3991}, 0, {800, 800}, {66, 66, 66, 255} }},
	{{ {-518, -661, -3991}, 0, {-320, 800}, {66, 66, 66, 255} }},
	{{ {-438, 3154, -4991}, 0, {-233, -233}, {215, 215, 215, 255} }},
	{{ {-518, 1821, -4991}, 0, {-320, 800}, {66, 66, 66, 255} }},
	{{ {-518, 3266, -4991}, 0, {-320, -320}, {66, 66, 66, 255} }},
	{{ {-438, 1933, -4991}, 0, {-233, 713}, {251, 251, 251, 255} }},
	{{ {438, 3154, -4991}, 0, {713, -233}, {255, 255, 255, 255} }},
	{{ {518, 3266, -4991}, 0, {800, -320}, {66, 66, 66, 64} }},
	{{ {438, 1933, -4991}, 0, {713, 713}, {187, 187, 187, 255} }},
	{{ {518, 1821, -4991}, 0, {800, 800}, {66, 66, 66, 255} }},
	{{ {-438, 3154, -5991}, 0, {-233, -233}, {215, 215, 215, 255} }},
	{{ {-518, 1821, -5991}, 0, {-320, 800}, {66, 66, 66, 255} }},
	{{ {-518, 3266, -5991}, 0, {-320, -320}, {66, 66, 66, 255} }},
	{{ {-438, 1933, -5991}, 0, {-233, 713}, {251, 251, 251, 255} }},
	{{ {438, 3154, -5991}, 0, {713, -233}, {255, 255, 255, 255} }},
	{{ {518, 3266, -5991}, 0, {800, -320}, {66, 66, 66, 64} }},
	{{ {438, 1933, -5991}, 0, {713, 713}, {187, 187, 187, 255} }},
	{{ {518, 1821, -5991}, 0, {800, 800}, {66, 66, 66, 255} }},
};

Vtx ccm_dl_Plane_003_mesh_layer_1_vtx_cull[8] = {
	{{ {-1150, -6891, 4285}, 0, {0, 0}, {0, 0, 0, 0} }},
	{{ {-1150, 6997, 4285}, 0, {0, 0}, {0, 0, 0, 0} }},
	{{ {-1150, 6997, -9603}, 0, {0, 0}, {0, 0, 0, 0} }},
	{{ {-1150, -6891, -9603}, 0, {0, 0}, {0, 0, 0, 0} }},
	{{ {1265, -6891, 4285}, 0, {0, 0}, {0, 0, 0, 0} }},
	{{ {1265, 6997, 4285}, 0, {0, 0}, {0, 0, 0, 0} }},
	{{ {1265, 6997, -9603}, 0, {0, 0}, {0, 0, 0, 0} }},
	{{ {1265, -6891, -9603}, 0, {0, 0}, {0, 0, 0, 0} }},
};

Vtx ccm_dl_Plane_003_mesh_layer_1_vtx_0[220] = {
	{{ {-1150, 6556, -5910}, 0, {-2296, -900}, {100, 100, 100, 233} }},
	{{ {-1150, 6997, -9603}, 0, {-2486, -2486}, {1, 1, 1, 255} }},
	{{ {-1150, 6997, -6131}, 0, {-2486, -995}, {1, 1, 1, 225} }},
	{{ {-1150, 6556, -9162}, 0, {-2296, -2296}, {104, 104, 104, 255} }},
	{{ {-1150, 6115, -5690}, 0, {-2107, -805}, {138, 138, 138, 240} }},
	{{ {-1150, 6115, -2659}, 0, {-2107, 496}, {131, 131, 131, 225} }},
	{{ {-1150, 6556, -2659}, 0, {-2296, 496}, {95, 95, 95, 207} }},
	{{ {-1150, 6997, -2659}, 0, {-2486, 496}, {1, 1, 1, 188} }},
	{{ {-1150, 6556, 593}, 0, {-2296, 1892}, {90, 90, 90, 177} }},
	{{ {-1150, 6997, 813}, 0, {-2486, 1987}, {0, 0, 0, 137} }},
	{{ {-1150, 6556, 3844}, 0, {-2296, 3288}, {84, 84, 84, 137} }},
	{{ {-1150, 6997, 4285}, 0, {-2486, 3478}, {0, 0, 0, 0} }},
	{{ {-1150, 3305, 3844}, 0, {-900, 3288}, {84, 84, 84, 177} }},
	{{ {-1150, 3525, 4285}, 0, {-995, 3478}, {2, 2, 2, 137} }},
	{{ {-1150, 53, 3844}, 0, {496, 3288}, {83, 83, 83, 207} }},
	{{ {-1150, 53, 4285}, 0, {496, 3478}, {3, 3, 3, 188} }},
	{{ {-1150, -3198, 3844}, 0, {1892, 3288}, {83, 83, 83, 233} }},
	{{ {-1150, -3419, 4285}, 0, {1987, 3478}, {5, 5, 5, 225} }},
	{{ {-1150, -6450, 3844}, 0, {3288, 3288}, {82, 82, 82, 255} }},
	{{ {-1150, -6891, 4285}, 0, {3478, 3478}, {6, 6, 6, 255} }},
	{{ {-1150, -6450, 593}, 0, {3288, 1892}, {89, 89, 89, 255} }},
	{{ {-1150, -6891, 813}, 0, {3478, 1987}, {5, 5, 5, 255} }},
	{{ {-1150, -6450, -2659}, 0, {3288, 496}, {95, 95, 95, 255} }},
	{{ {-1150, -6891, -2659}, 0, {3478, 496}, {3, 3, 3, 255} }},
	{{ {-1150, -6450, -5910}, 0, {3288, -900}, {101, 101, 101, 255} }},
	{{ {-1150, -6891, -6131}, 0, {3478, -995}, {2, 2, 2, 255} }},
	{{ {-1150, -6450, -9162}, 0, {3288, -2296}, {106, 106, 106, 255} }},
	{{ {-1150, -6891, -9603}, 0, {3478, -2486}, {0, 0, 0, 255} }},
	{{ {-1150, -3198, -9162}, 0, {1892, -2296}, {106, 106, 106, 255} }},
	{{ {-1150, -3419, -9603}, 0, {1987, -2486}, {0, 0, 0, 255} }},
	{{ {-1150, 53, -9162}, 0, {496, -2296}, {105, 105, 105, 255} }},
	{{ {-1150, 53, -9603}, 0, {496, -2486}, {1, 1, 1, 255} }},
	{{ {-1150, 3305, -9162}, 0, {-900, -2296}, {105, 105, 105, 255} }},
	{{ {-1150, 3525, -9603}, 0, {-995, -2486}, {1, 1, 1, 255} }},
	{{ {-1150, 6115, -8721}, 0, {-2107, -2107}, {144, 144, 144, 255} }},
	{{ {-1150, 3084, -8721}, 0, {-805, -2107}, {144, 144, 144, 255} }},
	{{ {-1150, 5674, -8279}, 0, {-1917, -1917}, {173, 173, 173, 255} }},
	{{ {-1150, 5674, -5469}, 0, {-1917, -711}, {165, 165, 165, 248} }},
	{{ {-1150, 5674, -2659}, 0, {-1917, 496}, {158, 158, 158, 240} }},
	{{ {-1150, 5232, -2659}, 0, {-1728, 496}, {180, 180, 180, 255} }},
	{{ {-1150, 5232, -69}, 0, {-1728, 1608}, {171, 171, 171, 255} }},
	{{ {-1150, 5674, 151}, 0, {-1917, 1703}, {150, 150, 150, 233} }},
	{{ {-1150, 6115, 372}, 0, {-2107, 1797}, {124, 124, 124, 207} }},
	{{ {-1150, 6115, 3403}, 0, {-2107, 3099}, {117, 117, 117, 188} }},
	{{ {-1150, 3084, 3403}, 0, {-805, 3099}, {116, 116, 116, 207} }},
	{{ {-1150, 53, 3403}, 0, {496, 3099}, {115, 115, 115, 225} }},
	{{ {-1150, -2978, 3403}, 0, {1797, 3099}, {115, 115, 115, 240} }},
	{{ {-1150, -6009, 3403}, 0, {3099, 3099}, {114, 114, 114, 255} }},
	{{ {-1150, -6009, 372}, 0, {3099, 1797}, {123, 123, 123, 255} }},
	{{ {-1150, -6009, -2659}, 0, {3099, 496}, {132, 132, 132, 255} }},
	{{ {-1150, -6009, -5690}, 0, {3099, -805}, {139, 139, 139, 255} }},
	{{ {-1150, -6009, -8721}, 0, {3099, -2107}, {147, 147, 147, 255} }},
	{{ {-1150, -2978, -8721}, 0, {1797, -2107}, {146, 146, 146, 255} }},
	{{ {-1150, 53, -8721}, 0, {496, -2107}, {145, 145, 145, 255} }},
	{{ {-1150, 2863, -8279}, 0, {-711, -1917}, {174, 174, 174, 255} }},
	{{ {-1150, 53, -8279}, 0, {496, -1917}, {175, 175, 175, 255} }},
	{{ {-1150, 2643, -7838}, 0, {-616, -1728}, {197, 197, 197, 255} }},
	{{ {-1150, 53, -8279}, 0, {496, -1917}, {175, 175, 175, 255} }},
	{{ {-1150, 2863, -8279}, 0, {-711, -1917}, {174, 174, 174, 255} }},
	{{ {-1150, 5232, -7838}, 0, {-1728, -1728}, {196, 196, 196, 255} }},
	{{ {-1150, 5674, -8279}, 0, {-1917, -1917}, {173, 173, 173, 255} }},
	{{ {-1150, 3084, -8721}, 0, {-805, -2107}, {144, 144, 144, 255} }},
	{{ {-1150, 5232, -5249}, 0, {-1728, -616}, {188, 188, 188, 255} }},
	{{ {-1150, 2643, -5249}, 0, {-616, -616}, {189, 189, 189, 255} }},
	{{ {-1150, 5232, -2659}, 0, {-1728, 496}, {180, 180, 180, 255} }},
	{{ {-1150, 5674, -5469}, 0, {-1917, -711}, {165, 165, 165, 248} }},
	{{ {-1150, 2643, -2659}, 0, {-616, 496}, {180, 180, 180, 255} }},
	{{ {-1150, 5232, -69}, 0, {-1728, 1608}, {171, 171, 171, 255} }},
	{{ {-1150, 2643, -69}, 0, {-616, 1608}, {170, 170, 170, 255} }},
	{{ {-1150, 5232, 2520}, 0, {-1728, 2720}, {161, 161, 161, 255} }},
	{{ {-1150, 5674, 151}, 0, {-1917, 1703}, {150, 150, 150, 233} }},
	{{ {-1150, 5674, 2962}, 0, {-1917, 2909}, {141, 141, 141, 225} }},
	{{ {-1150, 6115, 372}, 0, {-2107, 1797}, {124, 124, 124, 207} }},
	{{ {-1150, 6115, 3403}, 0, {-2107, 3099}, {117, 117, 117, 188} }},
	{{ {-1150, 2863, 2962}, 0, {-711, 2909}, {140, 140, 140, 233} }},
	{{ {-1150, 3084, 3403}, 0, {-805, 3099}, {116, 116, 116, 207} }},
	{{ {-1150, 53, 2962}, 0, {496, 2909}, {139, 139, 139, 240} }},
	{{ {-1150, 53, 3403}, 0, {496, 3099}, {115, 115, 115, 225} }},
	{{ {-1150, -2757, 2962}, 0, {1703, 2909}, {138, 138, 138, 248} }},
	{{ {-1150, -2978, 3403}, 0, {1797, 3099}, {115, 115, 115, 240} }},
	{{ {-1150, -5567, 2962}, 0, {2909, 2909}, {137, 137, 137, 255} }},
	{{ {-1150, -6009, 3403}, 0, {3099, 3099}, {114, 114, 114, 255} }},
	{{ {-1150, -5567, 151}, 0, {2909, 1703}, {148, 148, 148, 255} }},
	{{ {-1150, -6009, 372}, 0, {3099, 1797}, {123, 123, 123, 255} }},
	{{ {-1150, -5567, -2659}, 0, {2909, 496}, {158, 158, 158, 255} }},
	{{ {-1150, -6009, -2659}, 0, {3099, 496}, {132, 132, 132, 255} }},
	{{ {-1150, -5567, -5469}, 0, {2909, -711}, {168, 168, 168, 255} }},
	{{ {-1150, -6009, -5690}, 0, {3099, -805}, {139, 139, 139, 255} }},
	{{ {-1150, -5567, -8279}, 0, {2909, -1917}, {176, 176, 176, 255} }},
	{{ {-1150, -6009, -8721}, 0, {3099, -2107}, {147, 147, 147, 255} }},
	{{ {-1150, -2757, -8279}, 0, {1703, -1917}, {175, 175, 175, 255} }},
	{{ {-1150, -2978, -8721}, 0, {1797, -2107}, {146, 146, 146, 255} }},
	{{ {-1150, 53, -8721}, 0, {496, -2107}, {145, 145, 145, 255} }},
	{{ {-1150, 53, -7838}, 0, {496, -1728}, {198, 198, 198, 255} }},
	{{ {-1150, -2536, -7838}, 0, {1608, -1728}, {200, 200, 200, 255} }},
	{{ {-1150, 53, -5249}, 0, {496, -616}, {190, 190, 190, 255} }},
	{{ {-1150, 53, -2659}, 0, {496, 496}, {180, 180, 180, 255} }},
	{{ {-1150, 53, -69}, 0, {496, 1608}, {170, 170, 170, 255} }},
	{{ {-1150, 2643, 2520}, 0, {-616, 2720}, {160, 160, 160, 255} }},
	{{ {-1150, 53, 2520}, 0, {496, 2720}, {159, 159, 159, 255} }},
	{{ {-1150, -2536, 2520}, 0, {1608, 2720}, {158, 158, 158, 255} }},
	{{ {-1150, -5126, 2520}, 0, {2720, 2720}, {157, 157, 157, 255} }},
	{{ {-1150, -5126, -69}, 0, {2720, 1608}, {169, 169, 169, 255} }},
	{{ {-1150, -5126, -2659}, 0, {2720, 496}, {180, 180, 180, 255} }},
	{{ {-1150, -5126, -5249}, 0, {2720, -616}, {191, 191, 191, 255} }},
	{{ {-1150, -5126, -7838}, 0, {2720, -1728}, {201, 201, 201, 255} }},
	{{ {-1150, -2536, -5249}, 0, {1608, -616}, {190, 190, 190, 255} }},
	{{ {-1150, -2536, -2659}, 0, {1608, 496}, {180, 180, 180, 255} }},
	{{ {-1150, -2536, -69}, 0, {1608, 1608}, {169, 169, 169, 255} }},
	{{ {1265, 6556, -5910}, 0, {-2296, -900}, {100, 100, 100, 233} }},
	{{ {1265, 6997, -6131}, 0, {-2486, -995}, {1, 1, 1, 225} }},
	{{ {1265, 6997, -9603}, 0, {-2486, -2486}, {1, 1, 1, 255} }},
	{{ {1265, 6556, -2659}, 0, {-2296, 496}, {95, 95, 95, 207} }},
	{{ {1265, 6997, -6131}, 0, {-2486, -995}, {1, 1, 1, 225} }},
	{{ {1265, 6556, -5910}, 0, {-2296, -900}, {100, 100, 100, 233} }},
	{{ {1265, 6115, -2659}, 0, {-2107, 496}, {131, 131, 131, 225} }},
	{{ {1265, 6115, -5690}, 0, {-2107, -805}, {138, 138, 138, 240} }},
	{{ {1265, 6556, -9162}, 0, {-2296, -2296}, {104, 104, 104, 255} }},
	{{ {1265, 6997, -9603}, 0, {-2486, -2486}, {1, 1, 1, 255} }},
	{{ {1265, 3525, -9603}, 0, {-995, -2486}, {1, 1, 1, 255} }},
	{{ {1265, 3305, -9162}, 0, {-900, -2296}, {105, 105, 105, 255} }},
	{{ {1265, 53, -9603}, 0, {496, -2486}, {1, 1, 1, 255} }},
	{{ {1265, 53, -9162}, 0, {496, -2296}, {105, 105, 105, 255} }},
	{{ {1265, -3419, -9603}, 0, {1987, -2486}, {0, 0, 0, 255} }},
	{{ {1265, -3198, -9162}, 0, {1892, -2296}, {106, 106, 106, 255} }},
	{{ {1265, -6891, -9603}, 0, {3478, -2486}, {0, 0, 0, 255} }},
	{{ {1265, -6450, -9162}, 0, {3288, -2296}, {106, 106, 106, 255} }},
	{{ {1265, -6891, -6131}, 0, {3478, -995}, {2, 2, 2, 255} }},
	{{ {1265, -6450, -5910}, 0, {3288, -900}, {101, 101, 101, 255} }},
	{{ {1265, -6891, -2659}, 0, {3478, 496}, {3, 3, 3, 255} }},
	{{ {1265, -6450, -2659}, 0, {3288, 496}, {95, 95, 95, 255} }},
	{{ {1265, -6891, 813}, 0, {3478, 1987}, {5, 5, 5, 255} }},
	{{ {1265, -6450, 593}, 0, {3288, 1892}, {89, 89, 89, 255} }},
	{{ {1265, -6891, 4285}, 0, {3478, 3478}, {6, 6, 6, 255} }},
	{{ {1265, -6450, 3844}, 0, {3288, 3288}, {82, 82, 82, 255} }},
	{{ {1265, -3419, 4285}, 0, {1987, 3478}, {5, 5, 5, 225} }},
	{{ {1265, -3198, 3844}, 0, {1892, 3288}, {83, 83, 83, 233} }},
	{{ {1265, 53, 4285}, 0, {496, 3478}, {3, 3, 3, 188} }},
	{{ {1265, 53, 3844}, 0, {496, 3288}, {83, 83, 83, 207} }},
	{{ {1265, 3525, 4285}, 0, {-995, 3478}, {2, 2, 2, 137} }},
	{{ {1265, 3305, 3844}, 0, {-900, 3288}, {84, 84, 84, 177} }},
	{{ {1265, 6997, 4285}, 0, {-2486, 3478}, {0, 0, 0, 0} }},
	{{ {1265, 6556, 3844}, 0, {-2296, 3288}, {84, 84, 84, 137} }},
	{{ {1265, 6997, 813}, 0, {-2486, 1987}, {0, 0, 0, 137} }},
	{{ {1265, 6556, 593}, 0, {-2296, 1892}, {90, 90, 90, 177} }},
	{{ {1265, 6997, -2659}, 0, {-2486, 496}, {1, 1, 1, 188} }},
	{{ {1265, 6115, 372}, 0, {-2107, 1797}, {124, 124, 124, 207} }},
	{{ {1265, 6115, 3403}, 0, {-2107, 3099}, {117, 117, 117, 188} }},
	{{ {1265, 5674, 2962}, 0, {-1917, 2909}, {141, 141, 141, 225} }},
	{{ {1265, 5674, 151}, 0, {-1917, 1703}, {150, 150, 150, 233} }},
	{{ {1265, 5674, -2659}, 0, {-1917, 496}, {158, 158, 158, 240} }},
	{{ {1265, 5674, -5469}, 0, {-1917, -711}, {165, 165, 165, 248} }},
	{{ {1265, 6115, -8721}, 0, {-2107, -2107}, {144, 144, 144, 255} }},
	{{ {1265, 3084, -8721}, 0, {-805, -2107}, {144, 144, 144, 255} }},
	{{ {1265, 53, -8721}, 0, {496, -2107}, {145, 145, 145, 255} }},
	{{ {1265, -2978, -8721}, 0, {1797, -2107}, {146, 146, 146, 255} }},
	{{ {1265, -6009, -8721}, 0, {3099, -2107}, {147, 147, 147, 255} }},
	{{ {1265, -6009, -5690}, 0, {3099, -805}, {139, 139, 139, 255} }},
	{{ {1265, -6009, -2659}, 0, {3099, 496}, {132, 132, 132, 255} }},
	{{ {1265, -6009, 372}, 0, {3099, 1797}, {123, 123, 123, 255} }},
	{{ {1265, -6009, 3403}, 0, {3099, 3099}, {114, 114, 114, 255} }},
	{{ {1265, -2978, 3403}, 0, {1797, 3099}, {115, 115, 115, 240} }},
	{{ {1265, 53, 3403}, 0, {496, 3099}, {115, 115, 115, 225} }},
	{{ {1265, 3084, 3403}, 0, {-805, 3099}, {116, 116, 116, 207} }},
	{{ {1265, 2863, 2962}, 0, {-711, 2909}, {140, 140, 140, 233} }},
	{{ {1265, 53, 2962}, 0, {496, 2909}, {139, 139, 139, 240} }},
	{{ {1265, 53, 2520}, 0, {496, 2720}, {159, 159, 159, 255} }},
	{{ {1265, 2643, 2520}, 0, {-616, 2720}, {160, 160, 160, 255} }},
	{{ {1265, 2643, 2520}, 0, {-616, 2720}, {160, 160, 160, 255} }},
	{{ {1265, 5674, 2962}, 0, {-1917, 2909}, {141, 141, 141, 225} }},
	{{ {1265, 5232, 2520}, 0, {-1728, 2720}, {161, 161, 161, 255} }},
	{{ {1265, 5674, 151}, 0, {-1917, 1703}, {150, 150, 150, 233} }},
	{{ {1265, 5232, -69}, 0, {-1728, 1608}, {171, 171, 171, 255} }},
	{{ {1265, 5674, -2659}, 0, {-1917, 496}, {158, 158, 158, 240} }},
	{{ {1265, 5232, -2659}, 0, {-1728, 496}, {180, 180, 180, 255} }},
	{{ {1265, 5674, -5469}, 0, {-1917, -711}, {165, 165, 165, 248} }},
	{{ {1265, 5232, -5249}, 0, {-1728, -616}, {188, 188, 188, 255} }},
	{{ {1265, 5674, -8279}, 0, {-1917, -1917}, {173, 173, 173, 255} }},
	{{ {1265, 6115, -8721}, 0, {-2107, -2107}, {144, 144, 144, 255} }},
	{{ {1265, 3084, -8721}, 0, {-805, -2107}, {144, 144, 144, 255} }},
	{{ {1265, 2863, -8279}, 0, {-711, -1917}, {174, 174, 174, 255} }},
	{{ {1265, 53, -8721}, 0, {496, -2107}, {145, 145, 145, 255} }},
	{{ {1265, 53, -8279}, 0, {496, -1917}, {175, 175, 175, 255} }},
	{{ {1265, -2978, -8721}, 0, {1797, -2107}, {146, 146, 146, 255} }},
	{{ {1265, -2757, -8279}, 0, {1703, -1917}, {175, 175, 175, 255} }},
	{{ {1265, -6009, -8721}, 0, {3099, -2107}, {147, 147, 147, 255} }},
	{{ {1265, -5567, -8279}, 0, {2909, -1917}, {176, 176, 176, 255} }},
	{{ {1265, -6009, -5690}, 0, {3099, -805}, {139, 139, 139, 255} }},
	{{ {1265, -5567, -5469}, 0, {2909, -711}, {168, 168, 168, 255} }},
	{{ {1265, -6009, -2659}, 0, {3099, 496}, {132, 132, 132, 255} }},
	{{ {1265, -5567, -2659}, 0, {2909, 496}, {158, 158, 158, 255} }},
	{{ {1265, -6009, 372}, 0, {3099, 1797}, {123, 123, 123, 255} }},
	{{ {1265, -5567, 151}, 0, {2909, 1703}, {148, 148, 148, 255} }},
	{{ {1265, -6009, 3403}, 0, {3099, 3099}, {114, 114, 114, 255} }},
	{{ {1265, -5567, 2962}, 0, {2909, 2909}, {137, 137, 137, 255} }},
	{{ {1265, -2978, 3403}, 0, {1797, 3099}, {115, 115, 115, 240} }},
	{{ {1265, -2757, 2962}, 0, {1703, 2909}, {138, 138, 138, 248} }},
	{{ {1265, 53, 3403}, 0, {496, 3099}, {115, 115, 115, 225} }},
	{{ {1265, 53, 2962}, 0, {496, 2909}, {139, 139, 139, 240} }},
	{{ {1265, 3084, 3403}, 0, {-805, 3099}, {116, 116, 116, 207} }},
	{{ {1265, -2536, 2520}, 0, {1608, 2720}, {158, 158, 158, 255} }},
	{{ {1265, -5126, 2520}, 0, {2720, 2720}, {157, 157, 157, 255} }},
	{{ {1265, -5126, -69}, 0, {2720, 1608}, {169, 169, 169, 255} }},
	{{ {1265, -2536, -69}, 0, {1608, 1608}, {169, 169, 169, 255} }},
	{{ {1265, 53, 2520}, 0, {496, 2720}, {159, 159, 159, 255} }},
	{{ {1265, 53, -69}, 0, {496, 1608}, {170, 170, 170, 255} }},
	{{ {1265, 2643, -69}, 0, {-616, 1608}, {170, 170, 170, 255} }},
	{{ {1265, 2643, -2659}, 0, {-616, 496}, {180, 180, 180, 255} }},
	{{ {1265, 2643, -5249}, 0, {-616, -616}, {189, 189, 189, 255} }},
	{{ {1265, 2643, -7838}, 0, {-616, -1728}, {197, 197, 197, 255} }},
	{{ {1265, 5232, -7838}, 0, {-1728, -1728}, {196, 196, 196, 255} }},
	{{ {1265, 53, -7838}, 0, {496, -1728}, {198, 198, 198, 255} }},
	{{ {1265, -2536, -7838}, 0, {1608, -1728}, {200, 200, 200, 255} }},
	{{ {1265, -5126, -7838}, 0, {2720, -1728}, {201, 201, 201, 255} }},
	{{ {1265, -5126, -5249}, 0, {2720, -616}, {191, 191, 191, 255} }},
	{{ {1265, -5126, -2659}, 0, {2720, 496}, {180, 180, 180, 255} }},
	{{ {1265, -2536, -2659}, 0, {1608, 496}, {180, 180, 180, 255} }},
	{{ {1265, 53, -2659}, 0, {496, 496}, {180, 180, 180, 255} }},
	{{ {1265, 53, -5249}, 0, {496, -616}, {190, 190, 190, 255} }},
	{{ {1265, -2536, -5249}, 0, {1608, -616}, {190, 190, 190, 255} }},
};

Vtx ccm_dl_Plane_004_mesh_layer_4_vtx_cull[8] = {
	{{ {0, -3251, -2383}, 0, {0, 0}, {0, 0, 0, 0} }},
	{{ {0, -1666, -2383}, 0, {0, 0}, {0, 0, 0, 0} }},
	{{ {0, -1666, -2479}, 0, {0, 0}, {0, 0, 0, 0} }},
	{{ {0, -3251, -2479}, 0, {0, 0}, {0, 0, 0, 0} }},
	{{ {0, -3251, -2383}, 0, {0, 0}, {0, 0, 0, 0} }},
	{{ {0, -1666, -2383}, 0, {0, 0}, {0, 0, 0, 0} }},
	{{ {0, -1666, -2479}, 0, {0, 0}, {0, 0, 0, 0} }},
	{{ {0, -3251, -2479}, 0, {0, 0}, {0, 0, 0, 0} }},
};

Vtx ccm_dl_Plane_004_mesh_layer_4_vtx_0[4] = {
	{{ {0, -1666, -2383}, 0, {903, -5144}, {127, 0, 0, 255} }},
	{{ {0, -2963, -2479}, 0, {60, 4073}, {127, 0, 0, 255} }},
	{{ {0, -1666, -2479}, 0, {60, -5144}, {127, 0, 0, 255} }},
	{{ {0, -2965, -2383}, 0, {903, 4085}, {127, 0, 0, 255} }},
};

Vtx ccm_dl_Plane_004_mesh_layer_4_vtx_1[4] = {
	{{ {0, -2963, -2479}, 0, {60, 4073}, {127, 0, 0, 255} }},
	{{ {0, -2965, -2383}, 0, {903, 4085}, {127, 0, 0, 255} }},
	{{ {0, -3251, -2383}, 0, {903, 6123}, {127, 0, 0, 255} }},
	{{ {0, -3251, -2479}, 0, {60, 6123}, {127, 0, 0, 255} }},
};

Vtx ccm_dl_Plane_005_mesh_layer_4_vtx_cull[8] = {
	{{ {0, 1053, -5322}, 0, {0, 0}, {0, 0, 0, 0} }},
	{{ {0, 2639, -5322}, 0, {0, 0}, {0, 0, 0, 0} }},
	{{ {0, 2639, -5418}, 0, {0, 0}, {0, 0, 0, 0} }},
	{{ {0, 1053, -5418}, 0, {0, 0}, {0, 0, 0, 0} }},
	{{ {0, 1053, -5322}, 0, {0, 0}, {0, 0, 0, 0} }},
	{{ {0, 2639, -5322}, 0, {0, 0}, {0, 0, 0, 0} }},
	{{ {0, 2639, -5418}, 0, {0, 0}, {0, 0, 0, 0} }},
	{{ {0, 1053, -5418}, 0, {0, 0}, {0, 0, 0, 0} }},
};

Vtx ccm_dl_Plane_005_mesh_layer_4_vtx_0[4] = {
	{{ {0, 2352, -5418}, 0, {903, 4083}, {127, 0, 0, 255} }},
	{{ {0, 1053, -5322}, 0, {60, -5144}, {127, 0, 0, 255} }},
	{{ {0, 1053, -5418}, 0, {903, -5144}, {127, 0, 0, 255} }},
	{{ {0, 2352, -5322}, 0, {60, 4085}, {127, 0, 0, 255} }},
};

Vtx ccm_dl_Plane_005_mesh_layer_4_vtx_1[4] = {
	{{ {0, 2639, -5322}, 0, {60, 6123}, {127, 0, 0, 255} }},
	{{ {0, 2352, -5322}, 0, {60, 4085}, {127, 0, 0, 255} }},
	{{ {0, 2352, -5418}, 0, {903, 4083}, {127, 0, 0, 255} }},
	{{ {0, 2639, -5418}, 0, {903, 6123}, {127, 0, 0, 255} }},
};

Vtx ccm_dl_Plane_012_mesh_layer_1_vtx_0[108] = {
	{{ {-518, 825, -882}, 0, {-624, -624}, {255, 255, 255, 255} }},
	{{ {-518, 825, -991}, 0, {-624, -624}, {255, 255, 255, 255} }},
	{{ {-518, -620, -991}, 0, {-624, 1616}, {255, 255, 255, 255} }},
	{{ {-518, -620, -882}, 0, {-624, 1616}, {255, 255, 255, 255} }},
	{{ {518, 825, -882}, 0, {269, 496}, {255, 255, 255, 255} }},
	{{ {518, 825, -991}, 0, {237, 496}, {255, 255, 255, 255} }},
	{{ {-518, 825, -991}, 0, {237, 1008}, {255, 255, 255, 255} }},
	{{ {-518, 825, -882}, 0, {269, 1008}, {255, 255, 255, 255} }},
	{{ {-518, -620, -882}, 0, {300, 496}, {255, 255, 255, 255} }},
	{{ {-518, -620, -991}, 0, {269, 496}, {255, 255, 255, 255} }},
	{{ {518, -620, -991}, 0, {269, 1008}, {255, 255, 255, 255} }},
	{{ {518, -620, -882}, 0, {300, 1008}, {255, 255, 255, 255} }},
	{{ {518, -620, -882}, 0, {1616, 1616}, {255, 255, 255, 255} }},
	{{ {518, -620, -991}, 0, {1616, 1616}, {255, 255, 255, 255} }},
	{{ {518, 825, -991}, 0, {1616, -624}, {255, 255, 255, 255} }},
	{{ {518, 825, -882}, 0, {1616, -624}, {255, 255, 255, 255} }},
	{{ {-518, -2182, -1882}, 0, {-624, -624}, {255, 255, 255, 255} }},
	{{ {-518, -2182, -1991}, 0, {-624, -624}, {255, 255, 255, 255} }},
	{{ {-518, -3626, -1991}, 0, {-624, 1616}, {255, 255, 255, 255} }},
	{{ {-518, -3626, -1882}, 0, {-624, 1616}, {255, 255, 255, 255} }},
	{{ {518, -2182, -1882}, 0, {332, 1008}, {255, 255, 255, 255} }},
	{{ {518, -2182, -1991}, 0, {364, 1008}, {255, 255, 255, 255} }},
	{{ {-518, -2182, -1991}, 0, {364, 496}, {255, 255, 255, 255} }},
	{{ {-518, -2182, -1882}, 0, {332, 496}, {255, 255, 255, 255} }},
	{{ {-518, -3626, -1882}, 0, {332, 496}, {255, 255, 255, 255} }},
	{{ {-518, -3626, -1991}, 0, {301, 496}, {255, 255, 255, 255} }},
	{{ {518, -3626, -1991}, 0, {301, 1008}, {255, 255, 255, 255} }},
	{{ {518, -3626, -1882}, 0, {332, 1008}, {255, 255, 255, 255} }},
	{{ {518, -3626, -1882}, 0, {1616, 1616}, {255, 255, 255, 255} }},
	{{ {518, -3626, -1991}, 0, {1616, 1616}, {255, 255, 255, 255} }},
	{{ {518, -2182, -1991}, 0, {1616, -624}, {255, 255, 255, 255} }},
	{{ {518, -2182, -1882}, 0, {1616, -624}, {255, 255, 255, 255} }},
	{{ {-518, -2182, -2882}, 0, {-624, -624}, {255, 255, 255, 255} }},
	{{ {-518, -2182, -2991}, 0, {-624, -624}, {255, 255, 255, 255} }},
	{{ {-518, -3626, -2991}, 0, {-624, 1616}, {255, 255, 255, 255} }},
	{{ {-518, -3626, -2882}, 0, {-624, 1616}, {255, 255, 255, 255} }},
	{{ {518, -2182, -2882}, 0, {111, 1008}, {255, 255, 255, 255} }},
	{{ {518, -2182, -2991}, 0, {142, 1008}, {255, 255, 255, 255} }},
	{{ {-518, -2182, -2991}, 0, {142, 496}, {255, 255, 255, 255} }},
	{{ {-518, -2182, -2882}, 0, {111, 496}, {255, 255, 255, 255} }},
	{{ {-518, -3626, -2882}, 0, {174, 496}, {255, 255, 255, 255} }},
	{{ {-518, -3626, -2991}, 0, {142, 496}, {255, 255, 255, 255} }},
	{{ {518, -3626, -2991}, 0, {142, 1008}, {255, 255, 255, 255} }},
	{{ {518, -3626, -2882}, 0, {174, 1008}, {255, 255, 255, 255} }},
	{{ {518, -3626, -2882}, 0, {1616, 1616}, {255, 255, 255, 255} }},
	{{ {518, -3626, -2991}, 0, {1616, 1616}, {255, 255, 255, 255} }},
	{{ {518, -2182, -2991}, 0, {1616, -624}, {255, 255, 255, 255} }},
	{{ {518, -2182, -2882}, 0, {1616, -624}, {255, 255, 255, 255} }},
	{{ {-518, 783, -3882}, 0, {-624, -624}, {255, 255, 255, 255} }},
	{{ {-518, 783, -3991}, 0, {-624, -624}, {255, 255, 255, 255} }},
	{{ {-518, -661, -3991}, 0, {-624, 1616}, {255, 255, 255, 255} }},
	{{ {-518, -661, -3882}, 0, {-624, 1616}, {255, 255, 255, 255} }},
	{{ {518, 783, -3882}, 0, {174, 1008}, {255, 255, 255, 255} }},
	{{ {518, 783, -3991}, 0, {205, 1008}, {255, 255, 255, 255} }},
	{{ {-518, 783, -3991}, 0, {205, 496}, {255, 255, 255, 255} }},
	{{ {-518, 783, -3882}, 0, {174, 496}, {255, 255, 255, 255} }},
	{{ {-518, -661, -3882}, 0, {237, 496}, {255, 255, 255, 255} }},
	{{ {-518, -661, -3991}, 0, {206, 496}, {255, 255, 255, 255} }},
	{{ {518, -661, -3991}, 0, {206, 1008}, {255, 255, 255, 255} }},
	{{ {518, -661, -3882}, 0, {237, 1008}, {255, 255, 255, 255} }},
	{{ {518, -661, -3882}, 0, {1616, 1616}, {255, 255, 255, 255} }},
	{{ {518, -661, -3991}, 0, {1616, 1616}, {255, 255, 255, 255} }},
	{{ {518, 783, -3991}, 0, {1616, -624}, {255, 255, 255, 255} }},
	{{ {518, 783, -3882}, 0, {1616, -624}, {255, 255, 255, 255} }},
	{{ {-518, 3266, -4882}, 0, {-624, -624}, {255, 255, 255, 255} }},
	{{ {-518, 3266, -4991}, 0, {-624, -624}, {255, 255, 255, 255} }},
	{{ {-518, 1821, -4991}, 0, {-624, 1616}, {255, 255, 255, 255} }},
	{{ {-518, 1821, -4882}, 0, {-624, 1616}, {255, 255, 255, 255} }},
	{{ {518, 3266, -4882}, 0, {79, 1008}, {255, 255, 255, 255} }},
	{{ {518, 3266, -4991}, 0, {110, 1008}, {255, 255, 255, 255} }},
	{{ {-518, 3266, -4991}, 0, {110, 496}, {255, 255, 255, 255} }},
	{{ {-518, 3266, -4882}, 0, {79, 496}, {255, 255, 255, 255} }},
	{{ {-518, 1821, -4882}, 0, {47, 496}, {255, 255, 255, 255} }},
	{{ {-518, 1821, -4991}, 0, {16, 496}, {255, 255, 255, 255} }},
	{{ {518, 1821, -4991}, 0, {16, 1008}, {255, 255, 255, 255} }},
	{{ {518, 1821, -4882}, 0, {47, 1008}, {255, 255, 255, 255} }},
	{{ {518, 1821, -4882}, 0, {1616, 1616}, {255, 255, 255, 255} }},
	{{ {518, 1821, -4991}, 0, {1616, 1616}, {255, 255, 255, 255} }},
	{{ {518, 3266, -4991}, 0, {1616, -624}, {255, 255, 255, 255} }},
	{{ {518, 3266, -4882}, 0, {1616, -624}, {255, 255, 255, 255} }},
	{{ {-518, 3266, -5882}, 0, {-624, -624}, {255, 255, 255, 255} }},
	{{ {-518, 3266, -5991}, 0, {-624, -624}, {255, 255, 255, 255} }},
	{{ {-518, 1821, -5991}, 0, {-624, 1616}, {255, 255, 255, 255} }},
	{{ {-518, 1821, -5882}, 0, {-624, 1616}, {255, 255, 255, 255} }},
	{{ {518, 3266, -5882}, 0, {47, 1008}, {255, 255, 255, 255} }},
	{{ {518, 3266, -5991}, 0, {79, 1008}, {255, 255, 255, 255} }},
	{{ {-518, 3266, -5991}, 0, {79, 496}, {255, 255, 255, 255} }},
	{{ {-518, 3266, -5882}, 0, {47, 496}, {255, 255, 255, 255} }},
	{{ {-518, 1821, -5882}, 0, {395, 496}, {255, 255, 255, 255} }},
	{{ {-518, 1821, -5991}, 0, {364, 496}, {255, 255, 255, 255} }},
	{{ {518, 1821, -5991}, 0, {364, 1008}, {255, 255, 255, 255} }},
	{{ {518, 1821, -5882}, 0, {395, 1008}, {255, 255, 255, 255} }},
	{{ {518, 1821, -5882}, 0, {1616, 1616}, {255, 255, 255, 255} }},
	{{ {518, 1821, -5991}, 0, {1616, 1616}, {255, 255, 255, 255} }},
	{{ {518, 3266, -5991}, 0, {1616, -624}, {255, 255, 255, 255} }},
	{{ {518, 3266, -5882}, 0, {1616, -624}, {255, 255, 255, 255} }},
	{{ {-518, 3592, 118}, 0, {15, 496}, {66, 66, 66, 255} }},
	{{ {-518, 2148, 9}, 0, {-16, 1008}, {66, 66, 66, 255} }},
	{{ {-518, 2148, 118}, 0, {15, 1008}, {66, 66, 66, 255} }},
	{{ {-518, 3592, 9}, 0, {-16, 496}, {66, 66, 66, 255} }},
	{{ {518, 3592, 118}, 0, {15, -16}, {66, 66, 66, 64} }},
	{{ {518, 3592, 9}, 0, {-16, -16}, {66, 66, 66, 64} }},
	{{ {-518, 2148, 118}, 0, {-624, 1616}, {66, 66, 66, 255} }},
	{{ {-518, 2148, 9}, 0, {-624, 1616}, {66, 66, 66, 255} }},
	{{ {518, 2148, 9}, 0, {1616, 1616}, {66, 66, 66, 255} }},
	{{ {518, 2148, 118}, 0, {1616, 1616}, {66, 66, 66, 255} }},
	{{ {518, 3592, 9}, 0, {1616, -624}, {66, 66, 66, 64} }},
	{{ {518, 3592, 118}, 0, {1616, -624}, {66, 66, 66, 64} }},
};

Vtx ccm_dl_Plane_006_mesh_layer_1_vtx_cull[8] = {
	{{ {-500, 0, 500}, 0, {0, 0}, {0, 0, 0, 0} }},
	{{ {-500, 0, 500}, 0, {0, 0}, {0, 0, 0, 0} }},
	{{ {-500, 0, -6968}, 0, {0, 0}, {0, 0, 0, 0} }},
	{{ {-500, 0, -6968}, 0, {0, 0}, {0, 0, 0, 0} }},
	{{ {500, 0, 500}, 0, {0, 0}, {0, 0, 0, 0} }},
	{{ {500, 0, 500}, 0, {0, 0}, {0, 0, 0, 0} }},
	{{ {500, 0, -6968}, 0, {0, 0}, {0, 0, 0, 0} }},
	{{ {500, 0, -6968}, 0, {0, 0}, {0, 0, 0, 0} }},
};

Vtx ccm_dl_Plane_006_mesh_layer_1_vtx_0[16] = {
	{{ {-373, 0, 373}, 0, {14, 777}, {223, 223, 223, 255} }},
	{{ {-500, 0, -500}, 0, {-479, -63}, {7, 7, 7, 255} }},
	{{ {-500, 0, 500}, 0, {-63, 959}, {3, 3, 3, 255} }},
	{{ {-373, 0, -373}, 0, {-297, 14}, {217, 217, 217, 255} }},
	{{ {373, 0, -373}, 0, {466, -297}, {229, 229, 229, 255} }},
	{{ {373, 0, 373}, 0, {777, 466}, {223, 223, 223, 255} }},
	{{ {500, 0, 500}, 0, {959, 543}, {0, 0, 0, 255} }},
	{{ {500, 0, -500}, 0, {543, -479}, {38, 38, 38, 255} }},
	{{ {-343, 0, -6125}, 0, {32, 734}, {215, 215, 215, 255} }},
	{{ {-500, 0, -6968}, 0, {-479, -63}, {0, 0, 0, 255} }},
	{{ {-500, 0, -5968}, 0, {-63, 959}, {24, 24, 24, 255} }},
	{{ {-343, 0, -6812}, 0, {-254, 32}, {214, 214, 214, 255} }},
	{{ {343, 0, -6812}, 0, {448, -254}, {255, 255, 255, 4} }},
	{{ {343, 0, -6125}, 0, {734, 448}, {214, 214, 214, 255} }},
	{{ {500, 0, -5968}, 0, {959, 543}, {3, 3, 3, 255} }},
	{{ {500, 0, -6968}, 0, {543, -479}, {48, 48, 48, 0} }},
};

Vtx ccm_dl_Plane_007_mesh_layer_1_vtx_cull[8] = {
	{{ {-518, -3626, 118}, 0, {0, 0}, {0, 0, 0, 0} }},
	{{ {-518, 3592, 118}, 0, {0, 0}, {0, 0, 0, 0} }},
	{{ {-518, 3592, -5991}, 0, {0, 0}, {0, 0, 0, 0} }},
	{{ {-518, -3626, -5991}, 0, {0, 0}, {0, 0, 0, 0} }},
	{{ {518, -3626, 118}, 0, {0, 0}, {0, 0, 0, 0} }},
	{{ {518, 3592, 118}, 0, {0, 0}, {0, 0, 0, 0} }},
	{{ {518, 3592, -5991}, 0, {0, 0}, {0, 0, 0, 0} }},
	{{ {518, -3626, -5991}, 0, {0, 0}, {0, 0, 0, 0} }},
};

Vtx ccm_dl_Plane_007_mesh_layer_1_vtx_0[56] = {
	{{ {402, -2344, -1882}, 0, {674, -194}, {255, 255, 255, 255} }},
	{{ {518, -3626, -1882}, 0, {800, 800}, {66, 66, 66, 255} }},
	{{ {518, -2182, -1882}, 0, {800, -320}, {66, 66, 66, 64} }},
	{{ {402, -3464, -1882}, 0, {674, 674}, {255, 255, 255, 255} }},
	{{ {-402, -3464, -1882}, 0, {-194, 674}, {255, 255, 255, 255} }},
	{{ {-402, -2344, -1882}, 0, {-194, -194}, {255, 255, 255, 255} }},
	{{ {-518, -2182, -1882}, 0, {-320, -320}, {66, 66, 66, 255} }},
	{{ {-518, -3626, -1882}, 0, {-320, 800}, {66, 66, 66, 255} }},
	{{ {-402, 662, -882}, 0, {-194, -194}, {255, 255, 255, 255} }},
	{{ {518, 825, -882}, 0, {800, -320}, {66, 66, 66, 64} }},
	{{ {-518, 825, -882}, 0, {-320, -320}, {66, 66, 66, 255} }},
	{{ {402, 662, -882}, 0, {674, -194}, {255, 255, 255, 255} }},
	{{ {-402, -457, -882}, 0, {-194, 674}, {255, 255, 255, 255} }},
	{{ {-518, -620, -882}, 0, {-320, 800}, {66, 66, 66, 255} }},
	{{ {402, -457, -882}, 0, {674, 674}, {255, 255, 255, 255} }},
	{{ {518, -620, -882}, 0, {800, 800}, {66, 66, 66, 255} }},
	{{ {-402, 2310, 118}, 0, {-194, 674}, {255, 255, 255, 255} }},
	{{ {-518, 3592, 118}, 0, {-320, -320}, {66, 66, 66, 255} }},
	{{ {-518, 2148, 118}, 0, {-320, 800}, {66, 66, 66, 255} }},
	{{ {-402, 3430, 118}, 0, {-194, -194}, {255, 255, 255, 255} }},
	{{ {402, 3430, 118}, 0, {674, -194}, {255, 255, 255, 255} }},
	{{ {402, 2310, 118}, 0, {674, 674}, {255, 255, 255, 255} }},
	{{ {518, 2148, 118}, 0, {800, 800}, {66, 66, 66, 255} }},
	{{ {518, 3592, 118}, 0, {800, -320}, {66, 66, 66, 64} }},
	{{ {402, -2344, -2882}, 0, {674, -194}, {255, 255, 255, 255} }},
	{{ {518, -3626, -2882}, 0, {800, 800}, {66, 66, 66, 255} }},
	{{ {518, -2182, -2882}, 0, {800, -320}, {66, 66, 66, 64} }},
	{{ {402, -3464, -2882}, 0, {674, 674}, {255, 255, 255, 255} }},
	{{ {-402, -3464, -2882}, 0, {-194, 674}, {255, 255, 255, 255} }},
	{{ {-402, -2344, -2882}, 0, {-194, -194}, {255, 255, 255, 255} }},
	{{ {-518, -2182, -2882}, 0, {-320, -320}, {66, 66, 66, 255} }},
	{{ {-518, -3626, -2882}, 0, {-320, 800}, {66, 66, 66, 255} }},
	{{ {402, 621, -3882}, 0, {674, -194}, {255, 255, 255, 255} }},
	{{ {518, -661, -3882}, 0, {800, 800}, {66, 66, 66, 255} }},
	{{ {518, 783, -3882}, 0, {800, -320}, {66, 66, 66, 64} }},
	{{ {402, -499, -3882}, 0, {674, 674}, {255, 255, 255, 255} }},
	{{ {-402, -499, -3882}, 0, {-194, 674}, {255, 255, 255, 255} }},
	{{ {-402, 621, -3882}, 0, {-194, -194}, {255, 255, 255, 255} }},
	{{ {-518, 783, -3882}, 0, {-320, -320}, {66, 66, 66, 255} }},
	{{ {-518, -661, -3882}, 0, {-320, 800}, {66, 66, 66, 255} }},
	{{ {-402, 1983, -4882}, 0, {-194, 674}, {255, 255, 255, 255} }},
	{{ {-518, 3266, -4882}, 0, {-320, -320}, {66, 66, 66, 255} }},
	{{ {-518, 1821, -4882}, 0, {-320, 800}, {66, 66, 66, 255} }},
	{{ {-402, 3103, -4882}, 0, {-194, -194}, {255, 255, 255, 255} }},
	{{ {402, 3103, -4882}, 0, {674, -194}, {255, 255, 255, 255} }},
	{{ {402, 1983, -4882}, 0, {674, 674}, {255, 255, 255, 255} }},
	{{ {518, 1821, -4882}, 0, {800, 800}, {66, 66, 66, 255} }},
	{{ {518, 3266, -4882}, 0, {800, -320}, {66, 66, 66, 64} }},
	{{ {-402, 1983, -5882}, 0, {-194, 674}, {255, 255, 255, 255} }},
	{{ {-518, 3266, -5882}, 0, {-320, -320}, {66, 66, 66, 255} }},
	{{ {-518, 1821, -5882}, 0, {-320, 800}, {66, 66, 66, 255} }},
	{{ {-402, 3103, -5882}, 0, {-194, -194}, {255, 255, 255, 255} }},
	{{ {402, 3103, -5882}, 0, {674, -194}, {255, 255, 255, 255} }},
	{{ {402, 1983, -5882}, 0, {674, 674}, {255, 255, 255, 255} }},
	{{ {518, 1821, -5882}, 0, {800, 800}, {66, 66, 66, 255} }},
	{{ {518, 3266, -5882}, 0, {800, -320}, {66, 66, 66, 64} }},
};

Vtx ccm_dl_Plane_007_mesh_layer_1_vtx_1[108] = {
	{{ {-518, 825, -882}, 0, {-624, -624}, {255, 255, 255, 255} }},
	{{ {-518, 825, -991}, 0, {-624, -624}, {255, 255, 255, 255} }},
	{{ {-518, -620, -991}, 0, {-624, 1616}, {255, 255, 255, 255} }},
	{{ {-518, -620, -882}, 0, {-624, 1616}, {255, 255, 255, 255} }},
	{{ {518, 825, -882}, 0, {269, 496}, {255, 255, 255, 255} }},
	{{ {518, 825, -991}, 0, {237, 496}, {255, 255, 255, 255} }},
	{{ {-518, 825, -991}, 0, {237, 1008}, {255, 255, 255, 255} }},
	{{ {-518, 825, -882}, 0, {269, 1008}, {255, 255, 255, 255} }},
	{{ {-518, -620, -882}, 0, {300, 496}, {255, 255, 255, 255} }},
	{{ {-518, -620, -991}, 0, {269, 496}, {255, 255, 255, 255} }},
	{{ {518, -620, -991}, 0, {269, 1008}, {255, 255, 255, 255} }},
	{{ {518, -620, -882}, 0, {300, 1008}, {255, 255, 255, 255} }},
	{{ {518, -620, -882}, 0, {1616, 1616}, {255, 255, 255, 255} }},
	{{ {518, -620, -991}, 0, {1616, 1616}, {255, 255, 255, 255} }},
	{{ {518, 825, -991}, 0, {1616, -624}, {255, 255, 255, 255} }},
	{{ {518, 825, -882}, 0, {1616, -624}, {255, 255, 255, 255} }},
	{{ {-518, -2182, -1882}, 0, {-624, -624}, {255, 255, 255, 255} }},
	{{ {-518, -2182, -1991}, 0, {-624, -624}, {255, 255, 255, 255} }},
	{{ {-518, -3626, -1991}, 0, {-624, 1616}, {255, 255, 255, 255} }},
	{{ {-518, -3626, -1882}, 0, {-624, 1616}, {255, 255, 255, 255} }},
	{{ {518, -2182, -1882}, 0, {332, 1008}, {255, 255, 255, 255} }},
	{{ {518, -2182, -1991}, 0, {364, 1008}, {255, 255, 255, 255} }},
	{{ {-518, -2182, -1991}, 0, {364, 496}, {255, 255, 255, 255} }},
	{{ {-518, -2182, -1882}, 0, {332, 496}, {255, 255, 255, 255} }},
	{{ {-518, -3626, -1882}, 0, {332, 496}, {255, 255, 255, 255} }},
	{{ {-518, -3626, -1991}, 0, {301, 496}, {255, 255, 255, 255} }},
	{{ {518, -3626, -1991}, 0, {301, 1008}, {255, 255, 255, 255} }},
	{{ {518, -3626, -1882}, 0, {332, 1008}, {255, 255, 255, 255} }},
	{{ {518, -3626, -1882}, 0, {1616, 1616}, {255, 255, 255, 255} }},
	{{ {518, -3626, -1991}, 0, {1616, 1616}, {255, 255, 255, 255} }},
	{{ {518, -2182, -1991}, 0, {1616, -624}, {255, 255, 255, 255} }},
	{{ {518, -2182, -1882}, 0, {1616, -624}, {255, 255, 255, 255} }},
	{{ {-518, -2182, -2882}, 0, {-624, -624}, {255, 255, 255, 255} }},
	{{ {-518, -2182, -2991}, 0, {-624, -624}, {255, 255, 255, 255} }},
	{{ {-518, -3626, -2991}, 0, {-624, 1616}, {255, 255, 255, 255} }},
	{{ {-518, -3626, -2882}, 0, {-624, 1616}, {255, 255, 255, 255} }},
	{{ {518, -2182, -2882}, 0, {111, 1008}, {255, 255, 255, 255} }},
	{{ {518, -2182, -2991}, 0, {142, 1008}, {255, 255, 255, 255} }},
	{{ {-518, -2182, -2991}, 0, {142, 496}, {255, 255, 255, 255} }},
	{{ {-518, -2182, -2882}, 0, {111, 496}, {255, 255, 255, 255} }},
	{{ {-518, -3626, -2882}, 0, {174, 496}, {255, 255, 255, 255} }},
	{{ {-518, -3626, -2991}, 0, {142, 496}, {255, 255, 255, 255} }},
	{{ {518, -3626, -2991}, 0, {142, 1008}, {255, 255, 255, 255} }},
	{{ {518, -3626, -2882}, 0, {174, 1008}, {255, 255, 255, 255} }},
	{{ {518, -3626, -2882}, 0, {1616, 1616}, {255, 255, 255, 255} }},
	{{ {518, -3626, -2991}, 0, {1616, 1616}, {255, 255, 255, 255} }},
	{{ {518, -2182, -2991}, 0, {1616, -624}, {255, 255, 255, 255} }},
	{{ {518, -2182, -2882}, 0, {1616, -624}, {255, 255, 255, 255} }},
	{{ {-518, 783, -3882}, 0, {-624, -624}, {255, 255, 255, 255} }},
	{{ {-518, 783, -3991}, 0, {-624, -624}, {255, 255, 255, 255} }},
	{{ {-518, -661, -3991}, 0, {-624, 1616}, {255, 255, 255, 255} }},
	{{ {-518, -661, -3882}, 0, {-624, 1616}, {255, 255, 255, 255} }},
	{{ {518, 783, -3882}, 0, {174, 1008}, {255, 255, 255, 255} }},
	{{ {518, 783, -3991}, 0, {205, 1008}, {255, 255, 255, 255} }},
	{{ {-518, 783, -3991}, 0, {205, 496}, {255, 255, 255, 255} }},
	{{ {-518, 783, -3882}, 0, {174, 496}, {255, 255, 255, 255} }},
	{{ {-518, -661, -3882}, 0, {237, 496}, {255, 255, 255, 255} }},
	{{ {-518, -661, -3991}, 0, {206, 496}, {255, 255, 255, 255} }},
	{{ {518, -661, -3991}, 0, {206, 1008}, {255, 255, 255, 255} }},
	{{ {518, -661, -3882}, 0, {237, 1008}, {255, 255, 255, 255} }},
	{{ {518, -661, -3882}, 0, {1616, 1616}, {255, 255, 255, 255} }},
	{{ {518, -661, -3991}, 0, {1616, 1616}, {255, 255, 255, 255} }},
	{{ {518, 783, -3991}, 0, {1616, -624}, {255, 255, 255, 255} }},
	{{ {518, 783, -3882}, 0, {1616, -624}, {255, 255, 255, 255} }},
	{{ {-518, 3266, -4882}, 0, {-624, -624}, {255, 255, 255, 255} }},
	{{ {-518, 3266, -4991}, 0, {-624, -624}, {255, 255, 255, 255} }},
	{{ {-518, 1821, -4991}, 0, {-624, 1616}, {255, 255, 255, 255} }},
	{{ {-518, 1821, -4882}, 0, {-624, 1616}, {255, 255, 255, 255} }},
	{{ {518, 3266, -4882}, 0, {79, 1008}, {255, 255, 255, 255} }},
	{{ {518, 3266, -4991}, 0, {110, 1008}, {255, 255, 255, 255} }},
	{{ {-518, 3266, -4991}, 0, {110, 496}, {255, 255, 255, 255} }},
	{{ {-518, 3266, -4882}, 0, {79, 496}, {255, 255, 255, 255} }},
	{{ {-518, 1821, -4882}, 0, {47, 496}, {255, 255, 255, 255} }},
	{{ {-518, 1821, -4991}, 0, {16, 496}, {255, 255, 255, 255} }},
	{{ {518, 1821, -4991}, 0, {16, 1008}, {255, 255, 255, 255} }},
	{{ {518, 1821, -4882}, 0, {47, 1008}, {255, 255, 255, 255} }},
	{{ {518, 1821, -4882}, 0, {1616, 1616}, {255, 255, 255, 255} }},
	{{ {518, 1821, -4991}, 0, {1616, 1616}, {255, 255, 255, 255} }},
	{{ {518, 3266, -4991}, 0, {1616, -624}, {255, 255, 255, 255} }},
	{{ {518, 3266, -4882}, 0, {1616, -624}, {255, 255, 255, 255} }},
	{{ {-518, 3266, -5882}, 0, {-624, -624}, {255, 255, 255, 255} }},
	{{ {-518, 3266, -5991}, 0, {-624, -624}, {255, 255, 255, 255} }},
	{{ {-518, 1821, -5991}, 0, {-624, 1616}, {255, 255, 255, 255} }},
	{{ {-518, 1821, -5882}, 0, {-624, 1616}, {255, 255, 255, 255} }},
	{{ {518, 3266, -5882}, 0, {47, 1008}, {255, 255, 255, 255} }},
	{{ {518, 3266, -5991}, 0, {79, 1008}, {255, 255, 255, 255} }},
	{{ {-518, 3266, -5991}, 0, {79, 496}, {255, 255, 255, 255} }},
	{{ {-518, 3266, -5882}, 0, {47, 496}, {255, 255, 255, 255} }},
	{{ {-518, 1821, -5882}, 0, {395, 496}, {255, 255, 255, 255} }},
	{{ {-518, 1821, -5991}, 0, {364, 496}, {255, 255, 255, 255} }},
	{{ {518, 1821, -5991}, 0, {364, 1008}, {255, 255, 255, 255} }},
	{{ {518, 1821, -5882}, 0, {395, 1008}, {255, 255, 255, 255} }},
	{{ {518, 1821, -5882}, 0, {1616, 1616}, {255, 255, 255, 255} }},
	{{ {518, 1821, -5991}, 0, {1616, 1616}, {255, 255, 255, 255} }},
	{{ {518, 3266, -5991}, 0, {1616, -624}, {255, 255, 255, 255} }},
	{{ {518, 3266, -5882}, 0, {1616, -624}, {255, 255, 255, 255} }},
	{{ {-518, 3592, 118}, 0, {15, 496}, {66, 66, 66, 255} }},
	{{ {-518, 2148, 9}, 0, {-16, 1008}, {66, 66, 66, 255} }},
	{{ {-518, 2148, 118}, 0, {15, 1008}, {66, 66, 66, 255} }},
	{{ {-518, 3592, 9}, 0, {-16, 496}, {66, 66, 66, 255} }},
	{{ {518, 3592, 118}, 0, {15, -16}, {66, 66, 66, 64} }},
	{{ {518, 3592, 9}, 0, {-16, -16}, {66, 66, 66, 64} }},
	{{ {518, 2148, 118}, 0, {1616, 1616}, {66, 66, 66, 255} }},
	{{ {518, 3592, 9}, 0, {1616, -624}, {66, 66, 66, 64} }},
	{{ {518, 3592, 118}, 0, {1616, -624}, {66, 66, 66, 64} }},
	{{ {518, 2148, 9}, 0, {1616, 1616}, {66, 66, 66, 255} }},
	{{ {-518, 2148, 118}, 0, {-624, 1616}, {66, 66, 66, 255} }},
	{{ {-518, 2148, 9}, 0, {-624, 1616}, {66, 66, 66, 255} }},
};

Vtx ccm_dl_Plane_007_mesh_layer_1_vtx_2[56] = {
	{{ {438, 713, -991}, 0, {713, -233}, {255, 255, 255, 255} }},
	{{ {-518, 825, -991}, 0, {-320, -320}, {66, 66, 66, 255} }},
	{{ {518, 825, -991}, 0, {800, -320}, {66, 66, 66, 64} }},
	{{ {-438, 713, -991}, 0, {-233, -233}, {215, 215, 215, 255} }},
	{{ {-438, -508, -991}, 0, {-233, 713}, {251, 251, 251, 255} }},
	{{ {438, -508, -991}, 0, {713, 713}, {187, 187, 187, 255} }},
	{{ {518, -620, -991}, 0, {800, 800}, {66, 66, 66, 255} }},
	{{ {-518, -620, -991}, 0, {-320, 800}, {66, 66, 66, 255} }},
	{{ {-438, 3480, 9}, 0, {-233, -233}, {215, 215, 215, 255} }},
	{{ {-518, 2148, 9}, 0, {-320, 800}, {66, 66, 66, 255} }},
	{{ {-518, 3592, 9}, 0, {-320, -320}, {66, 66, 66, 255} }},
	{{ {-438, 2260, 9}, 0, {-233, 713}, {251, 251, 251, 255} }},
	{{ {438, 3480, 9}, 0, {713, -233}, {255, 255, 255, 255} }},
	{{ {518, 3592, 9}, 0, {800, -320}, {66, 66, 66, 64} }},
	{{ {438, 2260, 9}, 0, {713, 713}, {187, 187, 187, 255} }},
	{{ {518, 2148, 9}, 0, {800, 800}, {66, 66, 66, 255} }},
	{{ {438, -2294, -1991}, 0, {713, -233}, {255, 255, 255, 255} }},
	{{ {-518, -2182, -1991}, 0, {-320, -320}, {66, 66, 66, 255} }},
	{{ {518, -2182, -1991}, 0, {800, -320}, {66, 66, 66, 64} }},
	{{ {-438, -2294, -1991}, 0, {-233, -233}, {215, 215, 215, 255} }},
	{{ {-438, -3514, -1991}, 0, {-233, 713}, {251, 251, 251, 255} }},
	{{ {438, -3514, -1991}, 0, {713, 713}, {187, 187, 187, 255} }},
	{{ {518, -3626, -1991}, 0, {800, 800}, {66, 66, 66, 255} }},
	{{ {-518, -3626, -1991}, 0, {-320, 800}, {66, 66, 66, 255} }},
	{{ {438, -2294, -2991}, 0, {713, -233}, {255, 255, 255, 255} }},
	{{ {-518, -2182, -2991}, 0, {-320, -320}, {66, 66, 66, 255} }},
	{{ {518, -2182, -2991}, 0, {800, -320}, {66, 66, 66, 64} }},
	{{ {-438, -2294, -2991}, 0, {-233, -233}, {215, 215, 215, 255} }},
	{{ {-438, -3514, -2991}, 0, {-233, 713}, {251, 251, 251, 255} }},
	{{ {438, -3514, -2991}, 0, {713, 713}, {187, 187, 187, 255} }},
	{{ {518, -3626, -2991}, 0, {800, 800}, {66, 66, 66, 255} }},
	{{ {-518, -3626, -2991}, 0, {-320, 800}, {66, 66, 66, 255} }},
	{{ {438, 671, -3991}, 0, {713, -233}, {255, 255, 255, 255} }},
	{{ {-518, 783, -3991}, 0, {-320, -320}, {66, 66, 66, 255} }},
	{{ {518, 783, -3991}, 0, {800, -320}, {66, 66, 66, 64} }},
	{{ {-438, 671, -3991}, 0, {-233, -233}, {215, 215, 215, 255} }},
	{{ {-438, -549, -3991}, 0, {-233, 713}, {251, 251, 251, 255} }},
	{{ {438, -549, -3991}, 0, {713, 713}, {187, 187, 187, 255} }},
	{{ {518, -661, -3991}, 0, {800, 800}, {66, 66, 66, 255} }},
	{{ {-518, -661, -3991}, 0, {-320, 800}, {66, 66, 66, 255} }},
	{{ {-438, 3154, -4991}, 0, {-233, -233}, {215, 215, 215, 255} }},
	{{ {-518, 1821, -4991}, 0, {-320, 800}, {66, 66, 66, 255} }},
	{{ {-518, 3266, -4991}, 0, {-320, -320}, {66, 66, 66, 255} }},
	{{ {-438, 1933, -4991}, 0, {-233, 713}, {251, 251, 251, 255} }},
	{{ {438, 3154, -4991}, 0, {713, -233}, {255, 255, 255, 255} }},
	{{ {518, 3266, -4991}, 0, {800, -320}, {66, 66, 66, 64} }},
	{{ {438, 1933, -4991}, 0, {713, 713}, {187, 187, 187, 255} }},
	{{ {518, 1821, -4991}, 0, {800, 800}, {66, 66, 66, 255} }},
	{{ {-438, 3154, -5991}, 0, {-233, -233}, {215, 215, 215, 255} }},
	{{ {-518, 1821, -5991}, 0, {-320, 800}, {66, 66, 66, 255} }},
	{{ {-518, 3266, -5991}, 0, {-320, -320}, {66, 66, 66, 255} }},
	{{ {-438, 1933, -5991}, 0, {-233, 713}, {251, 251, 251, 255} }},
	{{ {438, 3154, -5991}, 0, {713, -233}, {255, 255, 255, 255} }},
	{{ {518, 3266, -5991}, 0, {800, -320}, {66, 66, 66, 64} }},
	{{ {438, 1933, -5991}, 0, {713, 713}, {187, 187, 187, 255} }},
	{{ {518, 1821, -5991}, 0, {800, 800}, {66, 66, 66, 255} }},
};

Vtx ccm_dl_Plane_009_mesh_layer_1_vtx_cull[8] = {
	{{ {-1150, -6891, 4285}, 0, {0, 0}, {0, 0, 0, 0} }},
	{{ {-1150, 6997, 4285}, 0, {0, 0}, {0, 0, 0, 0} }},
	{{ {-1150, 6997, -9603}, 0, {0, 0}, {0, 0, 0, 0} }},
	{{ {-1150, -6891, -9603}, 0, {0, 0}, {0, 0, 0, 0} }},
	{{ {1265, -6891, 4285}, 0, {0, 0}, {0, 0, 0, 0} }},
	{{ {1265, 6997, 4285}, 0, {0, 0}, {0, 0, 0, 0} }},
	{{ {1265, 6997, -9603}, 0, {0, 0}, {0, 0, 0, 0} }},
	{{ {1265, -6891, -9603}, 0, {0, 0}, {0, 0, 0, 0} }},
};

Vtx ccm_dl_Plane_009_mesh_layer_1_vtx_0[220] = {
	{{ {-1150, 6556, -5910}, 0, {-2296, -900}, {100, 100, 100, 233} }},
	{{ {-1150, 6997, -9603}, 0, {-2486, -2486}, {1, 1, 1, 255} }},
	{{ {-1150, 6997, -6131}, 0, {-2486, -995}, {1, 1, 1, 225} }},
	{{ {-1150, 6556, -9162}, 0, {-2296, -2296}, {104, 104, 104, 255} }},
	{{ {-1150, 6115, -5690}, 0, {-2107, -805}, {138, 138, 138, 240} }},
	{{ {-1150, 6115, -2659}, 0, {-2107, 496}, {131, 131, 131, 225} }},
	{{ {-1150, 6556, -2659}, 0, {-2296, 496}, {95, 95, 95, 207} }},
	{{ {-1150, 6997, -2659}, 0, {-2486, 496}, {1, 1, 1, 188} }},
	{{ {-1150, 6556, 593}, 0, {-2296, 1892}, {90, 90, 90, 177} }},
	{{ {-1150, 6997, 813}, 0, {-2486, 1987}, {0, 0, 0, 137} }},
	{{ {-1150, 6556, 3844}, 0, {-2296, 3288}, {84, 84, 84, 137} }},
	{{ {-1150, 6997, 4285}, 0, {-2486, 3478}, {0, 0, 0, 0} }},
	{{ {-1150, 3305, 3844}, 0, {-900, 3288}, {84, 84, 84, 177} }},
	{{ {-1150, 3525, 4285}, 0, {-995, 3478}, {2, 2, 2, 137} }},
	{{ {-1150, 53, 3844}, 0, {496, 3288}, {83, 83, 83, 207} }},
	{{ {-1150, 53, 4285}, 0, {496, 3478}, {3, 3, 3, 188} }},
	{{ {-1150, -3198, 3844}, 0, {1892, 3288}, {83, 83, 83, 233} }},
	{{ {-1150, -3419, 4285}, 0, {1987, 3478}, {5, 5, 5, 225} }},
	{{ {-1150, -6450, 3844}, 0, {3288, 3288}, {82, 82, 82, 255} }},
	{{ {-1150, -6891, 4285}, 0, {3478, 3478}, {6, 6, 6, 255} }},
	{{ {-1150, -6450, 593}, 0, {3288, 1892}, {89, 89, 89, 255} }},
	{{ {-1150, -6891, 813}, 0, {3478, 1987}, {5, 5, 5, 255} }},
	{{ {-1150, -6450, -2659}, 0, {3288, 496}, {95, 95, 95, 255} }},
	{{ {-1150, -6891, -2659}, 0, {3478, 496}, {3, 3, 3, 255} }},
	{{ {-1150, -6450, -5910}, 0, {3288, -900}, {101, 101, 101, 255} }},
	{{ {-1150, -6891, -6131}, 0, {3478, -995}, {2, 2, 2, 255} }},
	{{ {-1150, -6450, -9162}, 0, {3288, -2296}, {106, 106, 106, 255} }},
	{{ {-1150, -6891, -9603}, 0, {3478, -2486}, {0, 0, 0, 255} }},
	{{ {-1150, -3198, -9162}, 0, {1892, -2296}, {106, 106, 106, 255} }},
	{{ {-1150, -3419, -9603}, 0, {1987, -2486}, {0, 0, 0, 255} }},
	{{ {-1150, 53, -9162}, 0, {496, -2296}, {105, 105, 105, 255} }},
	{{ {-1150, 53, -9603}, 0, {496, -2486}, {1, 1, 1, 255} }},
	{{ {-1150, 3305, -9162}, 0, {-900, -2296}, {105, 105, 105, 255} }},
	{{ {-1150, 3525, -9603}, 0, {-995, -2486}, {1, 1, 1, 255} }},
	{{ {-1150, 6115, -8721}, 0, {-2107, -2107}, {144, 144, 144, 255} }},
	{{ {-1150, 3084, -8721}, 0, {-805, -2107}, {144, 144, 144, 255} }},
	{{ {-1150, 5674, -8279}, 0, {-1917, -1917}, {173, 173, 173, 255} }},
	{{ {-1150, 5674, -5469}, 0, {-1917, -711}, {165, 165, 165, 248} }},
	{{ {-1150, 5674, -2659}, 0, {-1917, 496}, {158, 158, 158, 240} }},
	{{ {-1150, 5232, -2659}, 0, {-1728, 496}, {180, 180, 180, 255} }},
	{{ {-1150, 5232, -69}, 0, {-1728, 1608}, {171, 171, 171, 255} }},
	{{ {-1150, 5674, 151}, 0, {-1917, 1703}, {150, 150, 150, 233} }},
	{{ {-1150, 6115, 372}, 0, {-2107, 1797}, {124, 124, 124, 207} }},
	{{ {-1150, 6115, 3403}, 0, {-2107, 3099}, {117, 117, 117, 188} }},
	{{ {-1150, 3084, 3403}, 0, {-805, 3099}, {116, 116, 116, 207} }},
	{{ {-1150, 53, 3403}, 0, {496, 3099}, {115, 115, 115, 225} }},
	{{ {-1150, -2978, 3403}, 0, {1797, 3099}, {115, 115, 115, 240} }},
	{{ {-1150, -6009, 3403}, 0, {3099, 3099}, {114, 114, 114, 255} }},
	{{ {-1150, -6009, 372}, 0, {3099, 1797}, {123, 123, 123, 255} }},
	{{ {-1150, -6009, -2659}, 0, {3099, 496}, {132, 132, 132, 255} }},
	{{ {-1150, -6009, -5690}, 0, {3099, -805}, {139, 139, 139, 255} }},
	{{ {-1150, -6009, -8721}, 0, {3099, -2107}, {147, 147, 147, 255} }},
	{{ {-1150, -2978, -8721}, 0, {1797, -2107}, {146, 146, 146, 255} }},
	{{ {-1150, 53, -8721}, 0, {496, -2107}, {145, 145, 145, 255} }},
	{{ {-1150, 2863, -8279}, 0, {-711, -1917}, {174, 174, 174, 255} }},
	{{ {-1150, 53, -8279}, 0, {496, -1917}, {175, 175, 175, 255} }},
	{{ {-1150, 2643, -7838}, 0, {-616, -1728}, {197, 197, 197, 255} }},
	{{ {-1150, 53, -8279}, 0, {496, -1917}, {175, 175, 175, 255} }},
	{{ {-1150, 2863, -8279}, 0, {-711, -1917}, {174, 174, 174, 255} }},
	{{ {-1150, 5232, -7838}, 0, {-1728, -1728}, {196, 196, 196, 255} }},
	{{ {-1150, 5674, -8279}, 0, {-1917, -1917}, {173, 173, 173, 255} }},
	{{ {-1150, 3084, -8721}, 0, {-805, -2107}, {144, 144, 144, 255} }},
	{{ {-1150, 5232, -5249}, 0, {-1728, -616}, {188, 188, 188, 255} }},
	{{ {-1150, 2643, -5249}, 0, {-616, -616}, {189, 189, 189, 255} }},
	{{ {-1150, 5232, -2659}, 0, {-1728, 496}, {180, 180, 180, 255} }},
	{{ {-1150, 5674, -5469}, 0, {-1917, -711}, {165, 165, 165, 248} }},
	{{ {-1150, 2643, -2659}, 0, {-616, 496}, {180, 180, 180, 255} }},
	{{ {-1150, 5232, -69}, 0, {-1728, 1608}, {171, 171, 171, 255} }},
	{{ {-1150, 2643, -69}, 0, {-616, 1608}, {170, 170, 170, 255} }},
	{{ {-1150, 5232, 2520}, 0, {-1728, 2720}, {161, 161, 161, 255} }},
	{{ {-1150, 5674, 151}, 0, {-1917, 1703}, {150, 150, 150, 233} }},
	{{ {-1150, 5674, 2962}, 0, {-1917, 2909}, {141, 141, 141, 225} }},
	{{ {-1150, 6115, 372}, 0, {-2107, 1797}, {124, 124, 124, 207} }},
	{{ {-1150, 6115, 3403}, 0, {-2107, 3099}, {117, 117, 117, 188} }},
	{{ {-1150, 2863, 2962}, 0, {-711, 2909}, {140, 140, 140, 233} }},
	{{ {-1150, 3084, 3403}, 0, {-805, 3099}, {116, 116, 116, 207} }},
	{{ {-1150, 53, 2962}, 0, {496, 2909}, {139, 139, 139, 240} }},
	{{ {-1150, 53, 3403}, 0, {496, 3099}, {115, 115, 115, 225} }},
	{{ {-1150, -2757, 2962}, 0, {1703, 2909}, {138, 138, 138, 248} }},
	{{ {-1150, -2978, 3403}, 0, {1797, 3099}, {115, 115, 115, 240} }},
	{{ {-1150, -5567, 2962}, 0, {2909, 2909}, {137, 137, 137, 255} }},
	{{ {-1150, -6009, 3403}, 0, {3099, 3099}, {114, 114, 114, 255} }},
	{{ {-1150, -5567, 151}, 0, {2909, 1703}, {148, 148, 148, 255} }},
	{{ {-1150, -6009, 372}, 0, {3099, 1797}, {123, 123, 123, 255} }},
	{{ {-1150, -5567, -2659}, 0, {2909, 496}, {158, 158, 158, 255} }},
	{{ {-1150, -6009, -2659}, 0, {3099, 496}, {132, 132, 132, 255} }},
	{{ {-1150, -5567, -5469}, 0, {2909, -711}, {168, 168, 168, 255} }},
	{{ {-1150, -6009, -5690}, 0, {3099, -805}, {139, 139, 139, 255} }},
	{{ {-1150, -5567, -8279}, 0, {2909, -1917}, {176, 176, 176, 255} }},
	{{ {-1150, -6009, -8721}, 0, {3099, -2107}, {147, 147, 147, 255} }},
	{{ {-1150, -2757, -8279}, 0, {1703, -1917}, {175, 175, 175, 255} }},
	{{ {-1150, -2978, -8721}, 0, {1797, -2107}, {146, 146, 146, 255} }},
	{{ {-1150, 53, -8721}, 0, {496, -2107}, {145, 145, 145, 255} }},
	{{ {-1150, 53, -7838}, 0, {496, -1728}, {198, 198, 198, 255} }},
	{{ {-1150, -2536, -7838}, 0, {1608, -1728}, {200, 200, 200, 255} }},
	{{ {-1150, 53, -5249}, 0, {496, -616}, {190, 190, 190, 255} }},
	{{ {-1150, 53, -2659}, 0, {496, 496}, {180, 180, 180, 255} }},
	{{ {-1150, 53, -69}, 0, {496, 1608}, {170, 170, 170, 255} }},
	{{ {-1150, 2643, 2520}, 0, {-616, 2720}, {160, 160, 160, 255} }},
	{{ {-1150, 53, 2520}, 0, {496, 2720}, {159, 159, 159, 255} }},
	{{ {-1150, -2536, 2520}, 0, {1608, 2720}, {158, 158, 158, 255} }},
	{{ {-1150, -5126, 2520}, 0, {2720, 2720}, {157, 157, 157, 255} }},
	{{ {-1150, -5126, -69}, 0, {2720, 1608}, {169, 169, 169, 255} }},
	{{ {-1150, -5126, -2659}, 0, {2720, 496}, {180, 180, 180, 255} }},
	{{ {-1150, -5126, -5249}, 0, {2720, -616}, {191, 191, 191, 255} }},
	{{ {-1150, -5126, -7838}, 0, {2720, -1728}, {201, 201, 201, 255} }},
	{{ {-1150, -2536, -5249}, 0, {1608, -616}, {190, 190, 190, 255} }},
	{{ {-1150, -2536, -2659}, 0, {1608, 496}, {180, 180, 180, 255} }},
	{{ {-1150, -2536, -69}, 0, {1608, 1608}, {169, 169, 169, 255} }},
	{{ {1265, 6556, -5910}, 0, {-2296, -900}, {100, 100, 100, 233} }},
	{{ {1265, 6997, -6131}, 0, {-2486, -995}, {1, 1, 1, 225} }},
	{{ {1265, 6997, -9603}, 0, {-2486, -2486}, {1, 1, 1, 255} }},
	{{ {1265, 6556, -2659}, 0, {-2296, 496}, {95, 95, 95, 207} }},
	{{ {1265, 6997, -6131}, 0, {-2486, -995}, {1, 1, 1, 225} }},
	{{ {1265, 6556, -5910}, 0, {-2296, -900}, {100, 100, 100, 233} }},
	{{ {1265, 6115, -2659}, 0, {-2107, 496}, {131, 131, 131, 225} }},
	{{ {1265, 6115, -5690}, 0, {-2107, -805}, {138, 138, 138, 240} }},
	{{ {1265, 6556, -9162}, 0, {-2296, -2296}, {104, 104, 104, 255} }},
	{{ {1265, 6997, -9603}, 0, {-2486, -2486}, {1, 1, 1, 255} }},
	{{ {1265, 3525, -9603}, 0, {-995, -2486}, {1, 1, 1, 255} }},
	{{ {1265, 3305, -9162}, 0, {-900, -2296}, {105, 105, 105, 255} }},
	{{ {1265, 53, -9603}, 0, {496, -2486}, {1, 1, 1, 255} }},
	{{ {1265, 53, -9162}, 0, {496, -2296}, {105, 105, 105, 255} }},
	{{ {1265, -3419, -9603}, 0, {1987, -2486}, {0, 0, 0, 255} }},
	{{ {1265, -3198, -9162}, 0, {1892, -2296}, {106, 106, 106, 255} }},
	{{ {1265, -6891, -9603}, 0, {3478, -2486}, {0, 0, 0, 255} }},
	{{ {1265, -6450, -9162}, 0, {3288, -2296}, {106, 106, 106, 255} }},
	{{ {1265, -6891, -6131}, 0, {3478, -995}, {2, 2, 2, 255} }},
	{{ {1265, -6450, -5910}, 0, {3288, -900}, {101, 101, 101, 255} }},
	{{ {1265, -6891, -2659}, 0, {3478, 496}, {3, 3, 3, 255} }},
	{{ {1265, -6450, -2659}, 0, {3288, 496}, {95, 95, 95, 255} }},
	{{ {1265, -6891, 813}, 0, {3478, 1987}, {5, 5, 5, 255} }},
	{{ {1265, -6450, 593}, 0, {3288, 1892}, {89, 89, 89, 255} }},
	{{ {1265, -6891, 4285}, 0, {3478, 3478}, {6, 6, 6, 255} }},
	{{ {1265, -6450, 3844}, 0, {3288, 3288}, {82, 82, 82, 255} }},
	{{ {1265, -3419, 4285}, 0, {1987, 3478}, {5, 5, 5, 225} }},
	{{ {1265, -3198, 3844}, 0, {1892, 3288}, {83, 83, 83, 233} }},
	{{ {1265, 53, 4285}, 0, {496, 3478}, {3, 3, 3, 188} }},
	{{ {1265, 53, 3844}, 0, {496, 3288}, {83, 83, 83, 207} }},
	{{ {1265, 3525, 4285}, 0, {-995, 3478}, {2, 2, 2, 137} }},
	{{ {1265, 3305, 3844}, 0, {-900, 3288}, {84, 84, 84, 177} }},
	{{ {1265, 6997, 4285}, 0, {-2486, 3478}, {0, 0, 0, 0} }},
	{{ {1265, 6556, 3844}, 0, {-2296, 3288}, {84, 84, 84, 137} }},
	{{ {1265, 6997, 813}, 0, {-2486, 1987}, {0, 0, 0, 137} }},
	{{ {1265, 6556, 593}, 0, {-2296, 1892}, {90, 90, 90, 177} }},
	{{ {1265, 6997, -2659}, 0, {-2486, 496}, {1, 1, 1, 188} }},
	{{ {1265, 6115, 372}, 0, {-2107, 1797}, {124, 124, 124, 207} }},
	{{ {1265, 6115, 3403}, 0, {-2107, 3099}, {117, 117, 117, 188} }},
	{{ {1265, 5674, 2962}, 0, {-1917, 2909}, {141, 141, 141, 225} }},
	{{ {1265, 5674, 151}, 0, {-1917, 1703}, {150, 150, 150, 233} }},
	{{ {1265, 5674, -2659}, 0, {-1917, 496}, {158, 158, 158, 240} }},
	{{ {1265, 5674, -5469}, 0, {-1917, -711}, {165, 165, 165, 248} }},
	{{ {1265, 6115, -8721}, 0, {-2107, -2107}, {144, 144, 144, 255} }},
	{{ {1265, 3084, -8721}, 0, {-805, -2107}, {144, 144, 144, 255} }},
	{{ {1265, 53, -8721}, 0, {496, -2107}, {145, 145, 145, 255} }},
	{{ {1265, -2978, -8721}, 0, {1797, -2107}, {146, 146, 146, 255} }},
	{{ {1265, -6009, -8721}, 0, {3099, -2107}, {147, 147, 147, 255} }},
	{{ {1265, -6009, -5690}, 0, {3099, -805}, {139, 139, 139, 255} }},
	{{ {1265, -6009, -2659}, 0, {3099, 496}, {132, 132, 132, 255} }},
	{{ {1265, -6009, 372}, 0, {3099, 1797}, {123, 123, 123, 255} }},
	{{ {1265, -6009, 3403}, 0, {3099, 3099}, {114, 114, 114, 255} }},
	{{ {1265, -2978, 3403}, 0, {1797, 3099}, {115, 115, 115, 240} }},
	{{ {1265, 53, 3403}, 0, {496, 3099}, {115, 115, 115, 225} }},
	{{ {1265, 3084, 3403}, 0, {-805, 3099}, {116, 116, 116, 207} }},
	{{ {1265, 2863, 2962}, 0, {-711, 2909}, {140, 140, 140, 233} }},
	{{ {1265, 53, 2962}, 0, {496, 2909}, {139, 139, 139, 240} }},
	{{ {1265, 53, 2520}, 0, {496, 2720}, {159, 159, 159, 255} }},
	{{ {1265, 2643, 2520}, 0, {-616, 2720}, {160, 160, 160, 255} }},
	{{ {1265, 2643, 2520}, 0, {-616, 2720}, {160, 160, 160, 255} }},
	{{ {1265, 5674, 2962}, 0, {-1917, 2909}, {141, 141, 141, 225} }},
	{{ {1265, 5232, 2520}, 0, {-1728, 2720}, {161, 161, 161, 255} }},
	{{ {1265, 5674, 151}, 0, {-1917, 1703}, {150, 150, 150, 233} }},
	{{ {1265, 5232, -69}, 0, {-1728, 1608}, {171, 171, 171, 255} }},
	{{ {1265, 5674, -2659}, 0, {-1917, 496}, {158, 158, 158, 240} }},
	{{ {1265, 5232, -2659}, 0, {-1728, 496}, {180, 180, 180, 255} }},
	{{ {1265, 5674, -5469}, 0, {-1917, -711}, {165, 165, 165, 248} }},
	{{ {1265, 5232, -5249}, 0, {-1728, -616}, {188, 188, 188, 255} }},
	{{ {1265, 5674, -8279}, 0, {-1917, -1917}, {173, 173, 173, 255} }},
	{{ {1265, 6115, -8721}, 0, {-2107, -2107}, {144, 144, 144, 255} }},
	{{ {1265, 3084, -8721}, 0, {-805, -2107}, {144, 144, 144, 255} }},
	{{ {1265, 2863, -8279}, 0, {-711, -1917}, {174, 174, 174, 255} }},
	{{ {1265, 53, -8721}, 0, {496, -2107}, {145, 145, 145, 255} }},
	{{ {1265, 53, -8279}, 0, {496, -1917}, {175, 175, 175, 255} }},
	{{ {1265, -2978, -8721}, 0, {1797, -2107}, {146, 146, 146, 255} }},
	{{ {1265, -2757, -8279}, 0, {1703, -1917}, {175, 175, 175, 255} }},
	{{ {1265, -6009, -8721}, 0, {3099, -2107}, {147, 147, 147, 255} }},
	{{ {1265, -5567, -8279}, 0, {2909, -1917}, {176, 176, 176, 255} }},
	{{ {1265, -6009, -5690}, 0, {3099, -805}, {139, 139, 139, 255} }},
	{{ {1265, -5567, -5469}, 0, {2909, -711}, {168, 168, 168, 255} }},
	{{ {1265, -6009, -2659}, 0, {3099, 496}, {132, 132, 132, 255} }},
	{{ {1265, -5567, -2659}, 0, {2909, 496}, {158, 158, 158, 255} }},
	{{ {1265, -6009, 372}, 0, {3099, 1797}, {123, 123, 123, 255} }},
	{{ {1265, -5567, 151}, 0, {2909, 1703}, {148, 148, 148, 255} }},
	{{ {1265, -6009, 3403}, 0, {3099, 3099}, {114, 114, 114, 255} }},
	{{ {1265, -5567, 2962}, 0, {2909, 2909}, {137, 137, 137, 255} }},
	{{ {1265, -2978, 3403}, 0, {1797, 3099}, {115, 115, 115, 240} }},
	{{ {1265, -2757, 2962}, 0, {1703, 2909}, {138, 138, 138, 248} }},
	{{ {1265, 53, 3403}, 0, {496, 3099}, {115, 115, 115, 225} }},
	{{ {1265, 53, 2962}, 0, {496, 2909}, {139, 139, 139, 240} }},
	{{ {1265, 3084, 3403}, 0, {-805, 3099}, {116, 116, 116, 207} }},
	{{ {1265, -2536, 2520}, 0, {1608, 2720}, {158, 158, 158, 255} }},
	{{ {1265, -5126, 2520}, 0, {2720, 2720}, {157, 157, 157, 255} }},
	{{ {1265, -5126, -69}, 0, {2720, 1608}, {169, 169, 169, 255} }},
	{{ {1265, -2536, -69}, 0, {1608, 1608}, {169, 169, 169, 255} }},
	{{ {1265, 53, 2520}, 0, {496, 2720}, {159, 159, 159, 255} }},
	{{ {1265, 53, -69}, 0, {496, 1608}, {170, 170, 170, 255} }},
	{{ {1265, 2643, -69}, 0, {-616, 1608}, {170, 170, 170, 255} }},
	{{ {1265, 2643, -2659}, 0, {-616, 496}, {180, 180, 180, 255} }},
	{{ {1265, 2643, -5249}, 0, {-616, -616}, {189, 189, 189, 255} }},
	{{ {1265, 2643, -7838}, 0, {-616, -1728}, {197, 197, 197, 255} }},
	{{ {1265, 5232, -7838}, 0, {-1728, -1728}, {196, 196, 196, 255} }},
	{{ {1265, 53, -7838}, 0, {496, -1728}, {198, 198, 198, 255} }},
	{{ {1265, -2536, -7838}, 0, {1608, -1728}, {200, 200, 200, 255} }},
	{{ {1265, -5126, -7838}, 0, {2720, -1728}, {201, 201, 201, 255} }},
	{{ {1265, -5126, -5249}, 0, {2720, -616}, {191, 191, 191, 255} }},
	{{ {1265, -5126, -2659}, 0, {2720, 496}, {180, 180, 180, 255} }},
	{{ {1265, -2536, -2659}, 0, {1608, 496}, {180, 180, 180, 255} }},
	{{ {1265, 53, -2659}, 0, {496, 496}, {180, 180, 180, 255} }},
	{{ {1265, 53, -5249}, 0, {496, -616}, {190, 190, 190, 255} }},
	{{ {1265, -2536, -5249}, 0, {1608, -616}, {190, 190, 190, 255} }},
};

Vtx ccm_dl_Plane_010_mesh_layer_4_vtx_cull[8] = {
	{{ {0, -439, -356}, 0, {0, 0}, {0, 0, 0, 0} }},
	{{ {0, 2466, -356}, 0, {0, 0}, {0, 0, 0, 0} }},
	{{ {0, 2466, -3488}, 0, {0, 0}, {0, 0, 0, 0} }},
	{{ {0, -439, -3488}, 0, {0, 0}, {0, 0, 0, 0} }},
	{{ {0, -439, -356}, 0, {0, 0}, {0, 0, 0, 0} }},
	{{ {0, 2466, -356}, 0, {0, 0}, {0, 0, 0, 0} }},
	{{ {0, 2466, -3488}, 0, {0, 0}, {0, 0, 0, 0} }},
	{{ {0, -439, -3488}, 0, {0, 0}, {0, 0, 0, 0} }},
};

Vtx ccm_dl_Plane_010_mesh_layer_4_vtx_0[8] = {
	{{ {0, 2466, -356}, 0, {60, 6123}, {127, 0, 0, 255} }},
	{{ {0, 881, -356}, 0, {60, -5144}, {127, 0, 0, 255} }},
	{{ {0, 881, -452}, 0, {903, -5144}, {127, 0, 0, 255} }},
	{{ {0, 2466, -452}, 0, {903, 6123}, {127, 0, 0, 255} }},
	{{ {0, 1146, -3392}, 0, {60, 6123}, {127, 0, 0, 255} }},
	{{ {0, -439, -3392}, 0, {60, -5144}, {127, 0, 0, 255} }},
	{{ {0, -439, -3488}, 0, {903, -5144}, {127, 0, 0, 255} }},
	{{ {0, 1146, -3488}, 0, {903, 6123}, {127, 0, 0, 255} }},
};

Vtx ccm_dl_Plane_011_mesh_layer_4_vtx_cull[8] = {
	{{ {0, 1053, -4417}, 0, {0, 0}, {0, 0, 0, 0} }},
	{{ {0, 2639, -4417}, 0, {0, 0}, {0, 0, 0, 0} }},
	{{ {0, 2639, -5418}, 0, {0, 0}, {0, 0, 0, 0} }},
	{{ {0, 1053, -5418}, 0, {0, 0}, {0, 0, 0, 0} }},
	{{ {0, 1053, -4417}, 0, {0, 0}, {0, 0, 0, 0} }},
	{{ {0, 2639, -4417}, 0, {0, 0}, {0, 0, 0, 0} }},
	{{ {0, 2639, -5418}, 0, {0, 0}, {0, 0, 0, 0} }},
	{{ {0, 1053, -5418}, 0, {0, 0}, {0, 0, 0, 0} }},
};

Vtx ccm_dl_Plane_011_mesh_layer_4_vtx_0[8] = {
	{{ {0, 2639, -5322}, 0, {60, 6123}, {127, 0, 0, 255} }},
	{{ {0, 1053, -5322}, 0, {60, -5144}, {127, 0, 0, 255} }},
	{{ {0, 1053, -5418}, 0, {903, -5144}, {127, 0, 0, 255} }},
	{{ {0, 2639, -5418}, 0, {903, 6123}, {127, 0, 0, 255} }},
	{{ {0, 2639, -4417}, 0, {60, 6123}, {127, 0, 0, 255} }},
	{{ {0, 1053, -4417}, 0, {60, -5144}, {127, 0, 0, 255} }},
	{{ {0, 1053, -4513}, 0, {903, -5144}, {127, 0, 0, 255} }},
	{{ {0, 2639, -4513}, 0, {903, 6123}, {127, 0, 0, 255} }},
};

Gfx ccm_dl_Plane_mesh_layer_1[] = {
	gsSPClearGeometryMode(G_LIGHTING),
	gsSPVertex(ccm_dl_Plane_mesh_layer_1_vtx_cull + 0, 8, 0),
	gsSPSetGeometryMode(G_LIGHTING),
	gsSPCullDisplayList(0, 7),
	gsSPLoadGeometryMode(G_ZBUFFER | G_SHADE | G_CULL_BACK | G_SHADING_SMOOTH),
	gsDPSetCombineLERP(TEXEL0, 0, SHADE, 0, ENVIRONMENT, 0, SHADE, 0, TEXEL0, 0, SHADE, 0, ENVIRONMENT, 0, SHADE, 0),
	gsSPSetOtherMode(G_SETOTHERMODE_H, 4, 20, G_AD_NOISE | G_CD_MAGICSQ | G_CK_NONE | G_TC_FILT | G_TF_BILERP | G_TT_RGBA16 | G_TL_TILE | G_TD_CLAMP | G_TP_PERSP | G_CYC_1CYCLE | G_PM_1PRIMITIVE),
	gsSPSetOtherMode(G_SETOTHERMODE_L, 0, 3, G_AC_NONE | G_ZS_PIXEL),
	gsSPTexture(65535, 65535, 0, 0, 1),
	gsDPSetTextureImage(G_IM_FMT_RGBA, G_IM_SIZ_16b, 1, ccm_dl__0_pal_rgba16),
	gsDPSetTile(0, 0, 0, 256, 5, 0, G_TX_WRAP | G_TX_NOMIRROR, 0, 0, G_TX_WRAP | G_TX_NOMIRROR, 0, 0),
	gsDPLoadTLUTCmd(5, 65),
	gsDPSetTextureImage(G_IM_FMT_CI, G_IM_SIZ_8b_LOAD_BLOCK, 1, ccm_dl__0_ci8),
	gsDPSetTile(G_IM_FMT_CI, G_IM_SIZ_8b_LOAD_BLOCK, 0, 0, 7, 0, G_TX_WRAP | G_TX_NOMIRROR, 0, 0, G_TX_WRAP | G_TX_NOMIRROR, 0, 0),
	gsDPLoadBlock(7, 0, 0, 127, 1024),
	gsDPSetTile(G_IM_FMT_CI, G_IM_SIZ_8b, 2, 0, 0, 0, G_TX_WRAP | G_TX_NOMIRROR, 4, 0, G_TX_WRAP | G_TX_NOMIRROR, 4, 0),
	gsDPSetTileSize(0, 0, 0, 60, 60),
	gsSPVertex(ccm_dl_Plane_mesh_layer_1_vtx_0 + 0, 20, 0),
	gsSP2Triangles(0, 1, 2, 0, 0, 2, 3, 0),
	gsSP2Triangles(4, 5, 6, 0, 4, 7, 5, 0),
	gsSP2Triangles(4, 8, 7, 0, 4, 9, 8, 0),
	gsSP2Triangles(9, 4, 6, 0, 9, 6, 10, 0),
	gsSP2Triangles(8, 9, 10, 0, 8, 10, 11, 0),
	gsSP2Triangles(7, 8, 11, 0, 7, 11, 5, 0),
	gsSP2Triangles(12, 13, 14, 0, 12, 15, 13, 0),
	gsSP2Triangles(12, 16, 15, 0, 12, 17, 16, 0),
	gsSP2Triangles(17, 12, 14, 0, 17, 14, 18, 0),
	gsSP2Triangles(16, 17, 18, 0, 16, 18, 19, 0),
	gsSP2Triangles(15, 16, 19, 0, 15, 19, 13, 0),
	gsDPPipeSync(),
	gsSPLoadGeometryMode(G_ZBUFFER | G_SHADE | G_CULL_BACK | G_LIGHTING | G_SHADING_SMOOTH),
	gsSPSetOtherMode(G_SETOTHERMODE_H, 4, 20, G_CD_MAGICSQ | G_AD_DISABLE | G_CK_NONE | G_TC_FILT | G_TF_BILERP | G_TT_NONE | G_TL_TILE | G_TD_CLAMP | G_TP_PERSP | G_CYC_1CYCLE | G_PM_1PRIMITIVE),
	gsSPEndDisplayList(),
};

Gfx ccm_dl_Plane_001_mesh_layer_1[] = {
	gsSPClearGeometryMode(G_LIGHTING),
	gsSPVertex(ccm_dl_Plane_001_mesh_layer_1_vtx_cull + 0, 8, 0),
	gsSPSetGeometryMode(G_LIGHTING),
	gsSPCullDisplayList(0, 7),
	gsSPLoadGeometryMode(G_ZBUFFER | G_SHADE | G_CULL_BACK | G_SHADING_SMOOTH),
	gsDPSetCombineLERP(TEXEL0, 0, SHADE, 0, ENVIRONMENT, 0, SHADE, 0, TEXEL0, 0, SHADE, 0, ENVIRONMENT, 0, SHADE, 0),
	gsSPSetOtherMode(G_SETOTHERMODE_H, 4, 20, G_AD_NOISE | G_CD_MAGICSQ | G_CK_NONE | G_TC_FILT | G_TF_BILERP | G_TT_RGBA16 | G_TL_TILE | G_TD_CLAMP | G_TP_PERSP | G_CYC_1CYCLE | G_PM_1PRIMITIVE),
	gsSPSetOtherMode(G_SETOTHERMODE_L, 0, 3, G_AC_NONE | G_ZS_PIXEL),
	gsSPTexture(65535, 65535, 0, 0, 1),
	gsDPSetTextureImage(G_IM_FMT_RGBA, G_IM_SIZ_16b, 1, ccm_dl__5_pal_rgba16),
	gsDPSetTile(0, 0, 0, 256, 5, 0, G_TX_WRAP | G_TX_NOMIRROR, 0, 0, G_TX_WRAP | G_TX_NOMIRROR, 0, 0),
	gsDPLoadTLUTCmd(5, 138),
	gsDPSetTextureImage(G_IM_FMT_CI, G_IM_SIZ_8b_LOAD_BLOCK, 1, ccm_dl__5_ci8),
	gsDPSetTile(G_IM_FMT_CI, G_IM_SIZ_8b_LOAD_BLOCK, 0, 0, 7, 0, G_TX_WRAP | G_TX_NOMIRROR, 0, 0, G_TX_WRAP | G_TX_NOMIRROR, 0, 0),
	gsDPLoadBlock(7, 0, 0, 127, 1024),
	gsDPSetTile(G_IM_FMT_CI, G_IM_SIZ_8b, 2, 0, 0, 0, G_TX_WRAP | G_TX_NOMIRROR, 4, 0, G_TX_WRAP | G_TX_NOMIRROR, 4, 0),
	gsDPSetTileSize(0, 0, 0, 60, 60),
	gsSPVertex(ccm_dl_Plane_001_mesh_layer_1_vtx_0 + 0, 56, 0),
	gsSP2Triangles(0, 1, 2, 0, 0, 3, 1, 0),
	gsSP2Triangles(4, 3, 0, 0, 4, 0, 5, 0),
	gsSP2Triangles(5, 0, 2, 0, 5, 2, 6, 0),
	gsSP2Triangles(4, 5, 6, 0, 4, 6, 7, 0),
	gsSP2Triangles(3, 4, 7, 0, 3, 7, 1, 0),
	gsSP2Triangles(8, 9, 10, 0, 8, 11, 9, 0),
	gsSP2Triangles(12, 11, 8, 0, 12, 8, 10, 0),
	gsSP2Triangles(12, 10, 13, 0, 14, 12, 13, 0),
	gsSP2Triangles(14, 13, 15, 0, 11, 14, 15, 0),
	gsSP2Triangles(11, 15, 9, 0, 12, 14, 11, 0),
	gsSP2Triangles(16, 17, 18, 0, 16, 19, 17, 0),
	gsSP2Triangles(16, 20, 19, 0, 16, 21, 20, 0),
	gsSP2Triangles(21, 16, 18, 0, 21, 18, 22, 0),
	gsSP2Triangles(20, 21, 22, 0, 20, 22, 23, 0),
	gsSP2Triangles(19, 20, 23, 0, 19, 23, 17, 0),
	gsSP2Triangles(24, 25, 26, 0, 24, 27, 25, 0),
	gsSP2Triangles(28, 27, 24, 0, 28, 24, 29, 0),
	gsSP2Triangles(29, 24, 26, 0, 29, 26, 30, 0),
	gsSP2Triangles(28, 29, 30, 0, 28, 30, 31, 0),
	gsSP2Triangles(27, 28, 31, 0, 27, 31, 25, 0),
	gsSP2Triangles(32, 33, 34, 0, 32, 35, 33, 0),
	gsSP2Triangles(36, 35, 32, 0, 36, 32, 37, 0),
	gsSP2Triangles(37, 32, 34, 0, 37, 34, 38, 0),
	gsSP2Triangles(36, 37, 38, 0, 36, 38, 39, 0),
	gsSP2Triangles(35, 36, 39, 0, 35, 39, 33, 0),
	gsSP2Triangles(40, 41, 42, 0, 40, 43, 41, 0),
	gsSP2Triangles(40, 44, 43, 0, 40, 45, 44, 0),
	gsSP2Triangles(45, 40, 42, 0, 45, 42, 46, 0),
	gsSP2Triangles(44, 45, 46, 0, 44, 46, 47, 0),
	gsSP2Triangles(43, 44, 47, 0, 43, 47, 41, 0),
	gsSP2Triangles(48, 49, 50, 0, 48, 51, 49, 0),
	gsSP2Triangles(48, 52, 51, 0, 48, 53, 52, 0),
	gsSP2Triangles(53, 48, 50, 0, 53, 50, 54, 0),
	gsSP2Triangles(52, 53, 54, 0, 52, 54, 55, 0),
	gsSP2Triangles(51, 52, 55, 0, 51, 55, 49, 0),
	gsDPPipeSync(),
	gsDPSetTextureImage(G_IM_FMT_RGBA, G_IM_SIZ_16b, 1, ccm_dl__3_pal_rgba16),
	gsDPLoadTLUTCmd(5, 143),
	gsDPSetTextureImage(G_IM_FMT_CI, G_IM_SIZ_8b_LOAD_BLOCK, 1, ccm_dl__3_ci8),
	gsDPLoadBlock(7, 0, 0, 127, 1024),
	gsSPVertex(ccm_dl_Plane_001_mesh_layer_1_vtx_1 + 0, 56, 0),
	gsSP2Triangles(0, 1, 2, 0, 0, 3, 1, 0),
	gsSP2Triangles(4, 3, 0, 0, 4, 0, 5, 0),
	gsSP2Triangles(5, 0, 2, 0, 5, 2, 6, 0),
	gsSP2Triangles(4, 5, 6, 0, 4, 6, 7, 0),
	gsSP2Triangles(3, 4, 7, 0, 3, 7, 1, 0),
	gsSP2Triangles(8, 9, 10, 0, 8, 11, 9, 0),
	gsSP2Triangles(11, 8, 12, 0, 12, 8, 10, 0),
	gsSP2Triangles(12, 10, 13, 0, 14, 12, 13, 0),
	gsSP2Triangles(14, 13, 15, 0, 11, 14, 15, 0),
	gsSP2Triangles(11, 15, 9, 0, 11, 12, 14, 0),
	gsSP2Triangles(16, 17, 18, 0, 16, 19, 17, 0),
	gsSP2Triangles(20, 19, 16, 0, 20, 16, 21, 0),
	gsSP2Triangles(21, 16, 18, 0, 21, 18, 22, 0),
	gsSP2Triangles(20, 21, 22, 0, 20, 22, 23, 0),
	gsSP2Triangles(19, 20, 23, 0, 19, 23, 17, 0),
	gsSP2Triangles(24, 25, 26, 0, 24, 27, 25, 0),
	gsSP2Triangles(28, 27, 24, 0, 28, 24, 29, 0),
	gsSP2Triangles(29, 24, 26, 0, 29, 26, 30, 0),
	gsSP2Triangles(28, 29, 30, 0, 28, 30, 31, 0),
	gsSP2Triangles(27, 28, 31, 0, 27, 31, 25, 0),
	gsSP2Triangles(32, 33, 34, 0, 32, 35, 33, 0),
	gsSP2Triangles(36, 35, 32, 0, 36, 32, 37, 0),
	gsSP2Triangles(37, 32, 34, 0, 37, 34, 38, 0),
	gsSP2Triangles(36, 37, 38, 0, 36, 38, 39, 0),
	gsSP2Triangles(35, 36, 39, 0, 35, 39, 33, 0),
	gsSP2Triangles(40, 41, 42, 0, 40, 43, 41, 0),
	gsSP2Triangles(43, 40, 44, 0, 44, 40, 42, 0),
	gsSP2Triangles(44, 42, 45, 0, 46, 44, 45, 0),
	gsSP2Triangles(46, 45, 47, 0, 43, 46, 47, 0),
	gsSP2Triangles(43, 47, 41, 0, 43, 44, 46, 0),
	gsSP2Triangles(48, 49, 50, 0, 48, 51, 49, 0),
	gsSP2Triangles(51, 48, 52, 0, 52, 48, 50, 0),
	gsSP2Triangles(52, 50, 53, 0, 54, 52, 53, 0),
	gsSP2Triangles(54, 53, 55, 0, 51, 54, 55, 0),
	gsSP2Triangles(51, 55, 49, 0, 51, 52, 54, 0),
	gsDPPipeSync(),
	gsSPLoadGeometryMode(G_ZBUFFER | G_SHADE | G_CULL_BACK | G_LIGHTING | G_SHADING_SMOOTH),
	gsSPSetOtherMode(G_SETOTHERMODE_H, 4, 20, G_CD_MAGICSQ | G_AD_DISABLE | G_CK_NONE | G_TC_FILT | G_TF_BILERP | G_TT_NONE | G_TL_TILE | G_TD_CLAMP | G_TP_PERSP | G_CYC_1CYCLE | G_PM_1PRIMITIVE),
	gsSPEndDisplayList(),
};

Gfx ccm_dl_Plane_003_mesh_layer_1[] = {
	gsSPClearGeometryMode(G_LIGHTING),
	gsSPVertex(ccm_dl_Plane_003_mesh_layer_1_vtx_cull + 0, 8, 0),
	gsSPSetGeometryMode(G_LIGHTING),
	gsSPCullDisplayList(0, 7),
	gsSPLoadGeometryMode(G_ZBUFFER | G_SHADE | G_CULL_BACK | G_SHADING_SMOOTH),
	gsDPSetCombineLERP(TEXEL0, 0, SHADE, 0, ENVIRONMENT, 0, SHADE, 0, TEXEL0, 0, SHADE, 0, ENVIRONMENT, 0, SHADE, 0),
	gsSPSetOtherMode(G_SETOTHERMODE_H, 4, 20, G_AD_NOISE | G_CD_MAGICSQ | G_CK_NONE | G_TC_FILT | G_TF_BILERP | G_TT_RGBA16 | G_TL_TILE | G_TD_CLAMP | G_TP_PERSP | G_CYC_1CYCLE | G_PM_1PRIMITIVE),
	gsSPSetOtherMode(G_SETOTHERMODE_L, 0, 3, G_AC_NONE | G_ZS_PIXEL),
	gsSPTexture(65535, 65535, 0, 0, 1),
	gsDPSetTextureImage(G_IM_FMT_RGBA, G_IM_SIZ_16b, 1, ccm_dl__3_pal_rgba16_copy),
	gsDPSetTile(0, 0, 0, 256, 5, 0, G_TX_WRAP | G_TX_NOMIRROR, 0, 0, G_TX_WRAP | G_TX_NOMIRROR, 0, 0),
	gsDPLoadTLUTCmd(5, 74),
	gsDPSetTextureImage(G_IM_FMT_CI, G_IM_SIZ_8b_LOAD_BLOCK, 1, ccm_dl__3_ci8_copy),
	gsDPSetTile(G_IM_FMT_CI, G_IM_SIZ_8b_LOAD_BLOCK, 0, 0, 7, 0, G_TX_WRAP | G_TX_NOMIRROR, 0, 0, G_TX_WRAP | G_TX_NOMIRROR, 0, 0),
	gsDPLoadBlock(7, 0, 0, 511, 512),
	gsDPSetTile(G_IM_FMT_CI, G_IM_SIZ_8b, 4, 0, 0, 0, G_TX_WRAP | G_TX_NOMIRROR, 5, 0, G_TX_WRAP | G_TX_NOMIRROR, 5, 0),
	gsDPSetTileSize(0, 0, 0, 124, 124),
	gsSPVertex(ccm_dl_Plane_003_mesh_layer_1_vtx_0 + 0, 56, 0),
	gsSP2Triangles(0, 1, 2, 0, 0, 3, 1, 0),
	gsSP2Triangles(4, 3, 0, 0, 5, 4, 0, 0),
	gsSP2Triangles(5, 0, 6, 0, 6, 0, 2, 0),
	gsSP2Triangles(6, 2, 7, 0, 8, 6, 7, 0),
	gsSP2Triangles(8, 7, 9, 0, 10, 8, 9, 0),
	gsSP2Triangles(10, 9, 11, 0, 12, 10, 11, 0),
	gsSP2Triangles(12, 11, 13, 0, 14, 12, 13, 0),
	gsSP2Triangles(14, 13, 15, 0, 16, 14, 15, 0),
	gsSP2Triangles(16, 15, 17, 0, 18, 16, 17, 0),
	gsSP2Triangles(18, 17, 19, 0, 20, 18, 19, 0),
	gsSP2Triangles(20, 19, 21, 0, 22, 20, 21, 0),
	gsSP2Triangles(22, 21, 23, 0, 24, 22, 23, 0),
	gsSP2Triangles(24, 23, 25, 0, 26, 24, 25, 0),
	gsSP2Triangles(26, 25, 27, 0, 28, 26, 27, 0),
	gsSP2Triangles(28, 27, 29, 0, 30, 28, 29, 0),
	gsSP2Triangles(30, 29, 31, 0, 32, 30, 31, 0),
	gsSP2Triangles(32, 31, 33, 0, 3, 32, 33, 0),
	gsSP2Triangles(3, 33, 1, 0, 34, 32, 3, 0),
	gsSP2Triangles(34, 35, 32, 0, 36, 35, 34, 0),
	gsSP2Triangles(37, 36, 34, 0, 37, 34, 4, 0),
	gsSP2Triangles(4, 34, 3, 0, 38, 37, 4, 0),
	gsSP2Triangles(39, 37, 38, 0, 40, 39, 38, 0),
	gsSP2Triangles(40, 38, 41, 0, 41, 38, 5, 0),
	gsSP2Triangles(38, 4, 5, 0, 41, 5, 42, 0),
	gsSP2Triangles(42, 5, 6, 0, 42, 6, 8, 0),
	gsSP2Triangles(43, 42, 8, 0, 43, 8, 10, 0),
	gsSP2Triangles(44, 43, 10, 0, 44, 10, 12, 0),
	gsSP2Triangles(45, 44, 12, 0, 45, 12, 14, 0),
	gsSP2Triangles(46, 45, 14, 0, 46, 14, 16, 0),
	gsSP2Triangles(47, 46, 16, 0, 47, 16, 18, 0),
	gsSP2Triangles(48, 47, 18, 0, 48, 18, 20, 0),
	gsSP2Triangles(49, 48, 20, 0, 49, 20, 22, 0),
	gsSP2Triangles(50, 49, 22, 0, 50, 22, 24, 0),
	gsSP2Triangles(51, 50, 24, 0, 51, 24, 26, 0),
	gsSP2Triangles(52, 51, 26, 0, 52, 26, 28, 0),
	gsSP2Triangles(53, 52, 28, 0, 53, 28, 30, 0),
	gsSP2Triangles(35, 53, 30, 0, 35, 30, 32, 0),
	gsSP2Triangles(54, 53, 35, 0, 54, 55, 53, 0),
	gsSPVertex(ccm_dl_Plane_003_mesh_layer_1_vtx_0 + 56, 56, 0),
	gsSP2Triangles(0, 1, 2, 0, 3, 0, 2, 0),
	gsSP2Triangles(3, 2, 4, 0, 4, 2, 5, 0),
	gsSP2Triangles(6, 3, 4, 0, 6, 0, 3, 0),
	gsSP2Triangles(6, 7, 0, 0, 8, 7, 6, 0),
	gsSP2Triangles(8, 6, 9, 0, 6, 4, 9, 0),
	gsSP2Triangles(8, 10, 7, 0, 11, 10, 8, 0),
	gsSP2Triangles(11, 12, 10, 0, 13, 12, 11, 0),
	gsSP2Triangles(13, 11, 14, 0, 13, 14, 15, 0),
	gsSP2Triangles(15, 14, 16, 0, 15, 16, 17, 0),
	gsSP2Triangles(18, 15, 17, 0, 18, 17, 19, 0),
	gsSP2Triangles(20, 18, 19, 0, 20, 19, 21, 0),
	gsSP2Triangles(22, 20, 21, 0, 22, 21, 23, 0),
	gsSP2Triangles(24, 22, 23, 0, 24, 23, 25, 0),
	gsSP2Triangles(26, 24, 25, 0, 26, 25, 27, 0),
	gsSP2Triangles(28, 26, 27, 0, 28, 27, 29, 0),
	gsSP2Triangles(30, 28, 29, 0, 30, 29, 31, 0),
	gsSP2Triangles(32, 30, 31, 0, 32, 31, 33, 0),
	gsSP2Triangles(34, 32, 33, 0, 34, 33, 35, 0),
	gsSP2Triangles(1, 34, 35, 0, 1, 35, 36, 0),
	gsSP2Triangles(37, 34, 1, 0, 37, 38, 34, 0),
	gsSP2Triangles(39, 38, 37, 0, 7, 39, 37, 0),
	gsSP2Triangles(7, 37, 0, 0, 0, 37, 1, 0),
	gsSP2Triangles(10, 39, 7, 0, 10, 40, 39, 0),
	gsSP2Triangles(12, 40, 10, 0, 12, 41, 40, 0),
	gsSP2Triangles(42, 41, 12, 0, 13, 42, 12, 0),
	gsSP2Triangles(42, 13, 15, 0, 42, 15, 18, 0),
	gsSP2Triangles(43, 42, 18, 0, 43, 18, 20, 0),
	gsSP2Triangles(44, 43, 20, 0, 44, 20, 22, 0),
	gsSP2Triangles(45, 44, 22, 0, 45, 22, 24, 0),
	gsSP2Triangles(46, 45, 24, 0, 46, 24, 26, 0),
	gsSP2Triangles(47, 46, 26, 0, 47, 26, 28, 0),
	gsSP2Triangles(48, 47, 28, 0, 48, 28, 30, 0),
	gsSP2Triangles(49, 48, 30, 0, 49, 30, 32, 0),
	gsSP2Triangles(38, 49, 32, 0, 38, 32, 34, 0),
	gsSP2Triangles(50, 49, 38, 0, 50, 48, 49, 0),
	gsSP2Triangles(51, 48, 50, 0, 40, 51, 50, 0),
	gsSP2Triangles(40, 50, 39, 0, 39, 50, 38, 0),
	gsSP2Triangles(41, 51, 40, 0, 41, 52, 51, 0),
	gsSP2Triangles(43, 52, 41, 0, 42, 43, 41, 0),
	gsSP2Triangles(43, 44, 52, 0, 44, 46, 52, 0),
	gsSP2Triangles(44, 45, 46, 0, 52, 46, 47, 0),
	gsSP2Triangles(52, 47, 51, 0, 51, 47, 48, 0),
	gsSP1Triangle(53, 54, 55, 0),
	gsSPVertex(ccm_dl_Plane_003_mesh_layer_1_vtx_0 + 112, 56, 0),
	gsSP2Triangles(0, 1, 2, 0, 3, 0, 2, 0),
	gsSP2Triangles(3, 2, 4, 0, 4, 2, 5, 0),
	gsSP2Triangles(2, 6, 5, 0, 5, 6, 7, 0),
	gsSP2Triangles(5, 7, 8, 0, 8, 7, 9, 0),
	gsSP2Triangles(8, 9, 10, 0, 10, 9, 11, 0),
	gsSP2Triangles(10, 11, 12, 0, 12, 11, 13, 0),
	gsSP2Triangles(12, 13, 14, 0, 14, 13, 15, 0),
	gsSP2Triangles(14, 15, 16, 0, 16, 15, 17, 0),
	gsSP2Triangles(16, 17, 18, 0, 18, 17, 19, 0),
	gsSP2Triangles(18, 19, 20, 0, 20, 19, 21, 0),
	gsSP2Triangles(20, 21, 22, 0, 22, 21, 23, 0),
	gsSP2Triangles(22, 23, 24, 0, 24, 23, 25, 0),
	gsSP2Triangles(24, 25, 26, 0, 26, 25, 27, 0),
	gsSP2Triangles(26, 27, 28, 0, 28, 27, 29, 0),
	gsSP2Triangles(28, 29, 30, 0, 30, 29, 31, 0),
	gsSP2Triangles(30, 31, 32, 0, 32, 31, 33, 0),
	gsSP2Triangles(32, 33, 0, 0, 0, 33, 1, 0),
	gsSP2Triangles(34, 32, 0, 0, 35, 32, 34, 0),
	gsSP2Triangles(36, 35, 34, 0, 36, 34, 37, 0),
	gsSP2Triangles(37, 34, 3, 0, 34, 0, 3, 0),
	gsSP2Triangles(37, 3, 38, 0, 38, 3, 4, 0),
	gsSP2Triangles(38, 4, 39, 0, 39, 4, 40, 0),
	gsSP2Triangles(4, 5, 40, 0, 40, 5, 8, 0),
	gsSP2Triangles(40, 8, 41, 0, 41, 8, 10, 0),
	gsSP2Triangles(41, 10, 42, 0, 42, 10, 12, 0),
	gsSP2Triangles(42, 12, 43, 0, 43, 12, 14, 0),
	gsSP2Triangles(43, 14, 44, 0, 44, 14, 16, 0),
	gsSP2Triangles(44, 16, 45, 0, 45, 16, 18, 0),
	gsSP2Triangles(45, 18, 46, 0, 46, 18, 20, 0),
	gsSP2Triangles(46, 20, 47, 0, 47, 20, 22, 0),
	gsSP2Triangles(47, 22, 48, 0, 48, 22, 24, 0),
	gsSP2Triangles(48, 24, 49, 0, 49, 24, 26, 0),
	gsSP2Triangles(49, 26, 50, 0, 50, 26, 28, 0),
	gsSP2Triangles(50, 28, 51, 0, 51, 28, 30, 0),
	gsSP2Triangles(51, 30, 35, 0, 35, 30, 32, 0),
	gsSP2Triangles(52, 51, 35, 0, 53, 51, 52, 0),
	gsSP2Triangles(54, 53, 52, 0, 54, 52, 55, 0),
	gsSP2Triangles(55, 52, 36, 0, 52, 35, 36, 0),
	gsSPVertex(ccm_dl_Plane_003_mesh_layer_1_vtx_0 + 168, 52, 0),
	gsSP2Triangles(0, 1, 2, 0, 2, 1, 3, 0),
	gsSP2Triangles(2, 3, 4, 0, 4, 3, 5, 0),
	gsSP2Triangles(4, 5, 6, 0, 6, 5, 7, 0),
	gsSP2Triangles(6, 7, 8, 0, 8, 7, 9, 0),
	gsSP2Triangles(7, 10, 9, 0, 9, 10, 11, 0),
	gsSP2Triangles(9, 11, 12, 0, 12, 11, 13, 0),
	gsSP2Triangles(12, 13, 14, 0, 14, 13, 15, 0),
	gsSP2Triangles(14, 15, 16, 0, 16, 15, 17, 0),
	gsSP2Triangles(16, 17, 18, 0, 18, 17, 19, 0),
	gsSP2Triangles(18, 19, 20, 0, 20, 19, 21, 0),
	gsSP2Triangles(20, 21, 22, 0, 22, 21, 23, 0),
	gsSP2Triangles(22, 23, 24, 0, 24, 23, 25, 0),
	gsSP2Triangles(24, 25, 26, 0, 26, 25, 27, 0),
	gsSP2Triangles(26, 27, 28, 0, 28, 27, 29, 0),
	gsSP2Triangles(28, 29, 30, 0, 30, 29, 31, 0),
	gsSP2Triangles(32, 28, 30, 0, 33, 28, 32, 0),
	gsSP2Triangles(32, 34, 33, 0, 32, 35, 34, 0),
	gsSP2Triangles(36, 35, 32, 0, 32, 30, 36, 0),
	gsSP2Triangles(36, 37, 35, 0, 0, 37, 36, 0),
	gsSP2Triangles(0, 38, 37, 0, 2, 38, 0, 0),
	gsSP2Triangles(2, 4, 38, 0, 4, 39, 38, 0),
	gsSP2Triangles(4, 6, 39, 0, 6, 40, 39, 0),
	gsSP2Triangles(6, 8, 40, 0, 8, 41, 40, 0),
	gsSP2Triangles(8, 42, 41, 0, 8, 9, 42, 0),
	gsSP2Triangles(42, 9, 12, 0, 42, 12, 41, 0),
	gsSP2Triangles(41, 12, 14, 0, 41, 14, 43, 0),
	gsSP2Triangles(43, 14, 16, 0, 43, 16, 44, 0),
	gsSP2Triangles(44, 16, 18, 0, 44, 18, 45, 0),
	gsSP2Triangles(45, 18, 20, 0, 45, 20, 46, 0),
	gsSP2Triangles(46, 20, 22, 0, 46, 22, 47, 0),
	gsSP2Triangles(47, 22, 24, 0, 47, 24, 34, 0),
	gsSP2Triangles(34, 24, 26, 0, 34, 26, 33, 0),
	gsSP2Triangles(33, 26, 28, 0, 35, 47, 34, 0),
	gsSP2Triangles(35, 48, 47, 0, 37, 48, 35, 0),
	gsSP2Triangles(37, 49, 48, 0, 38, 49, 37, 0),
	gsSP2Triangles(38, 39, 49, 0, 39, 50, 49, 0),
	gsSP2Triangles(39, 40, 50, 0, 40, 43, 50, 0),
	gsSP2Triangles(40, 41, 43, 0, 50, 43, 44, 0),
	gsSP2Triangles(50, 44, 51, 0, 51, 44, 45, 0),
	gsSP2Triangles(51, 45, 46, 0, 48, 51, 46, 0),
	gsSP2Triangles(48, 46, 47, 0, 49, 51, 48, 0),
	gsSP1Triangle(49, 50, 51, 0),
	gsDPPipeSync(),
	gsSPLoadGeometryMode(G_ZBUFFER | G_SHADE | G_CULL_BACK | G_LIGHTING | G_SHADING_SMOOTH),
	gsSPSetOtherMode(G_SETOTHERMODE_H, 4, 20, G_CD_MAGICSQ | G_AD_DISABLE | G_CK_NONE | G_TC_FILT | G_TF_BILERP | G_TT_NONE | G_TL_TILE | G_TD_CLAMP | G_TP_PERSP | G_CYC_1CYCLE | G_PM_1PRIMITIVE),
	gsSPEndDisplayList(),
};

Gfx ccm_dl_Plane_004_mesh_layer_4[] = {
	gsSPClearGeometryMode(G_LIGHTING),
	gsSPVertex(ccm_dl_Plane_004_mesh_layer_4_vtx_cull + 0, 8, 0),
	gsSPSetGeometryMode(G_LIGHTING),
	gsSPCullDisplayList(0, 7),
	gsSPLoadGeometryMode(G_ZBUFFER | G_SHADE | G_LIGHTING | G_SHADING_SMOOTH),
    gsSPLightColor(LIGHT_1, 0xffffffff),
    gsSPLightColor(LIGHT_2, 0x7f7f7fff),
	gsDPSetCombineLERP(TEXEL0, 0, SHADE, 0, TEXEL0, 0, ENVIRONMENT, 0, TEXEL0, 0, SHADE, 0, TEXEL0, 0, ENVIRONMENT, 0),
	gsSPSetOtherMode(G_SETOTHERMODE_H, 4, 20, G_AD_NOISE | G_CD_MAGICSQ | G_CK_NONE | G_TC_FILT | G_TF_BILERP | G_TT_NONE | G_TL_TILE | G_TD_CLAMP | G_TP_PERSP | G_CYC_1CYCLE | G_PM_1PRIMITIVE),
	gsSPSetOtherMode(G_SETOTHERMODE_L, 0, 3, G_AC_NONE | G_ZS_PIXEL),
	gsSPTexture(65535, 65535, 0, 0, 1),
	gsDPSetTextureImage(G_IM_FMT_RGBA, G_IM_SIZ_16b_LOAD_BLOCK, 1, ccm_dl_chains_rgba16),
	gsDPSetTile(G_IM_FMT_RGBA, G_IM_SIZ_16b_LOAD_BLOCK, 0, 0, 7, 0, G_TX_WRAP | G_TX_NOMIRROR, 0, 0, G_TX_WRAP | G_TX_NOMIRROR, 0, 0),
	gsDPLoadBlock(7, 0, 0, 2047, 256),
	gsDPSetTile(G_IM_FMT_RGBA, G_IM_SIZ_16b, 8, 0, 0, 0, G_TX_WRAP | G_TX_NOMIRROR, 6, 0, G_TX_WRAP | G_TX_NOMIRROR, 5, 0),
	gsDPSetTileSize(0, 0, 0, 124, 252),
	gsSPVertex(ccm_dl_Plane_004_mesh_layer_4_vtx_0 + 0, 4, 0),
	gsSP2Triangles(0, 1, 2, 0, 0, 3, 1, 0),
    gsSPLightColor(LIGHT_1, 0xffffffff),
    gsSPLightColor(LIGHT_2, 0x7f7f7fff),
	gsDPPipeSync(),
	gsSPSetOtherMode(G_SETOTHERMODE_H, 4, 20, G_AD_NOISE | G_CD_MAGICSQ | G_CK_NONE | G_TC_FILT | G_TF_BILERP | G_TT_RGBA16 | G_TL_TILE | G_TD_CLAMP | G_TP_PERSP | G_CYC_1CYCLE | G_PM_1PRIMITIVE),
	gsDPSetTextureImage(G_IM_FMT_RGBA, G_IM_SIZ_16b, 1, ccm_dl_chains2_pal_rgba16),
	gsDPSetTile(0, 0, 0, 256, 5, 0, G_TX_WRAP | G_TX_NOMIRROR, 0, 0, G_TX_WRAP | G_TX_NOMIRROR, 0, 0),
	gsDPLoadTLUTCmd(5, 247),
	gsDPSetTextureImage(G_IM_FMT_CI, G_IM_SIZ_8b_LOAD_BLOCK, 1, ccm_dl_chains2_ci8),
	gsDPSetTile(G_IM_FMT_CI, G_IM_SIZ_8b_LOAD_BLOCK, 0, 0, 7, 0, G_TX_WRAP | G_TX_NOMIRROR, 0, 0, G_TX_WRAP | G_TX_NOMIRROR, 0, 0),
	gsDPLoadBlock(7, 0, 0, 1023, 512),
	gsDPSetTile(G_IM_FMT_CI, G_IM_SIZ_8b, 4, 0, 0, 0, G_TX_WRAP | G_TX_NOMIRROR, 6, 0, G_TX_WRAP | G_TX_NOMIRROR, 5, 0),
	gsSPVertex(ccm_dl_Plane_004_mesh_layer_4_vtx_1 + 0, 4, 0),
	gsSP2Triangles(0, 1, 2, 0, 0, 2, 3, 0),
	gsDPPipeSync(),
	gsSPLoadGeometryMode(G_ZBUFFER | G_SHADE | G_CULL_BACK | G_LIGHTING | G_SHADING_SMOOTH),
	gsSPSetOtherMode(G_SETOTHERMODE_H, 4, 20, G_CD_MAGICSQ | G_AD_DISABLE | G_CK_NONE | G_TC_FILT | G_TF_BILERP | G_TT_NONE | G_TL_TILE | G_TD_CLAMP | G_TP_PERSP | G_CYC_1CYCLE | G_PM_1PRIMITIVE),
	gsSPEndDisplayList(),
};

Gfx ccm_dl_Plane_005_mesh_layer_4[] = {
	gsSPClearGeometryMode(G_LIGHTING),
	gsSPVertex(ccm_dl_Plane_005_mesh_layer_4_vtx_cull + 0, 8, 0),
	gsSPSetGeometryMode(G_LIGHTING),
	gsSPCullDisplayList(0, 7),
	gsSPLoadGeometryMode(G_ZBUFFER | G_SHADE | G_LIGHTING | G_SHADING_SMOOTH),
    gsSPLightColor(LIGHT_1, 0xffffffff),
    gsSPLightColor(LIGHT_2, 0x7f7f7fff),
	gsDPSetCombineLERP(TEXEL0, 0, SHADE, 0, TEXEL0, 0, ENVIRONMENT, 0, TEXEL0, 0, SHADE, 0, TEXEL0, 0, ENVIRONMENT, 0),
	gsSPSetOtherMode(G_SETOTHERMODE_H, 4, 20, G_AD_NOISE | G_CD_MAGICSQ | G_CK_NONE | G_TC_FILT | G_TF_BILERP | G_TT_NONE | G_TL_TILE | G_TD_CLAMP | G_TP_PERSP | G_CYC_1CYCLE | G_PM_1PRIMITIVE),
	gsSPSetOtherMode(G_SETOTHERMODE_L, 0, 3, G_AC_NONE | G_ZS_PIXEL),
	gsSPTexture(65535, 65535, 0, 0, 1),
	gsDPSetTextureImage(G_IM_FMT_RGBA, G_IM_SIZ_16b_LOAD_BLOCK, 1, ccm_dl_chains_rgba16),
	gsDPSetTile(G_IM_FMT_RGBA, G_IM_SIZ_16b_LOAD_BLOCK, 0, 0, 7, 0, G_TX_WRAP | G_TX_NOMIRROR, 0, 0, G_TX_WRAP | G_TX_NOMIRROR, 0, 0),
	gsDPLoadBlock(7, 0, 0, 2047, 256),
	gsDPSetTile(G_IM_FMT_RGBA, G_IM_SIZ_16b, 8, 0, 0, 0, G_TX_WRAP | G_TX_NOMIRROR, 6, 0, G_TX_WRAP | G_TX_NOMIRROR, 5, 0),
	gsDPSetTileSize(0, 0, 0, 124, 252),
	gsSPVertex(ccm_dl_Plane_005_mesh_layer_4_vtx_0 + 0, 4, 0),
	gsSP2Triangles(0, 1, 2, 0, 0, 3, 1, 0),
    gsSPLightColor(LIGHT_1, 0xffffffff),
    gsSPLightColor(LIGHT_2, 0x7f7f7fff),
	gsDPPipeSync(),
	gsSPSetOtherMode(G_SETOTHERMODE_H, 4, 20, G_AD_NOISE | G_CD_MAGICSQ | G_CK_NONE | G_TC_FILT | G_TF_BILERP | G_TT_RGBA16 | G_TL_TILE | G_TD_CLAMP | G_TP_PERSP | G_CYC_1CYCLE | G_PM_1PRIMITIVE),
	gsDPSetTextureImage(G_IM_FMT_RGBA, G_IM_SIZ_16b, 1, ccm_dl_chains2_pal_rgba16),
	gsDPSetTile(0, 0, 0, 256, 5, 0, G_TX_WRAP | G_TX_NOMIRROR, 0, 0, G_TX_WRAP | G_TX_NOMIRROR, 0, 0),
	gsDPLoadTLUTCmd(5, 247),
	gsDPSetTextureImage(G_IM_FMT_CI, G_IM_SIZ_8b_LOAD_BLOCK, 1, ccm_dl_chains2_ci8),
	gsDPSetTile(G_IM_FMT_CI, G_IM_SIZ_8b_LOAD_BLOCK, 0, 0, 7, 0, G_TX_WRAP | G_TX_NOMIRROR, 0, 0, G_TX_WRAP | G_TX_NOMIRROR, 0, 0),
	gsDPLoadBlock(7, 0, 0, 1023, 512),
	gsDPSetTile(G_IM_FMT_CI, G_IM_SIZ_8b, 4, 0, 0, 0, G_TX_WRAP | G_TX_NOMIRROR, 6, 0, G_TX_WRAP | G_TX_NOMIRROR, 5, 0),
	gsSPVertex(ccm_dl_Plane_005_mesh_layer_4_vtx_1 + 0, 4, 0),
	gsSP2Triangles(0, 1, 2, 0, 0, 2, 3, 0),
	gsDPPipeSync(),
	gsSPLoadGeometryMode(G_ZBUFFER | G_SHADE | G_CULL_BACK | G_LIGHTING | G_SHADING_SMOOTH),
	gsSPSetOtherMode(G_SETOTHERMODE_H, 4, 20, G_CD_MAGICSQ | G_AD_DISABLE | G_CK_NONE | G_TC_FILT | G_TF_BILERP | G_TT_NONE | G_TL_TILE | G_TD_CLAMP | G_TP_PERSP | G_CYC_1CYCLE | G_PM_1PRIMITIVE),
	gsDPSetCombineLERP(0, 0, 0, SHADE, 0, 0, 0, ENVIRONMENT, 0, 0, 0, SHADE, 0, 0, 0, ENVIRONMENT),
	gsSPTexture(65535, 65535, 0, 0, 0),
	gsDPSetEnvColor(255, 255, 255, 255),
	gsDPSetAlphaCompare(G_AC_NONE),
	gsSPEndDisplayList(),
};

Gfx ccm_dl_Plane_012_mesh_layer_1[] = {
	gsSPLoadGeometryMode(G_ZBUFFER | G_SHADE | G_CULL_BACK | G_SHADING_SMOOTH),
	gsDPSetCombineLERP(TEXEL0, 0, PRIMITIVE, 0, 0, 0, 0, PRIMITIVE, TEXEL0, 0, PRIMITIVE, 0, 0, 0, 0, PRIMITIVE),
	gsSPSetOtherMode(G_SETOTHERMODE_H, 4, 20, G_AD_NOISE | G_CD_MAGICSQ | G_CK_NONE | G_TC_FILT | G_TF_BILERP | G_TT_RGBA16 | G_TL_TILE | G_TD_CLAMP | G_TP_PERSP | G_CYC_1CYCLE | G_PM_1PRIMITIVE),
	gsSPSetOtherMode(G_SETOTHERMODE_L, 0, 3, G_AC_NONE | G_ZS_PIXEL),
	gsSPTexture(65535, 65535, 0, 0, 1),
	gsDPSetPrimColor(0, 0, 58, 58, 58, 128),
	gsDPSetTextureImage(G_IM_FMT_RGBA, G_IM_SIZ_16b, 1, ccm_dl__6_pal_rgba16),
	gsDPSetTile(0, 0, 0, 256, 5, 0, G_TX_WRAP | G_TX_NOMIRROR, 0, 0, G_TX_WRAP | G_TX_NOMIRROR, 0, 0),
	gsDPLoadTLUTCmd(5, 19),
	gsDPSetTextureImage(G_IM_FMT_CI, G_IM_SIZ_8b_LOAD_BLOCK, 1, ccm_dl__6_ci8),
	gsDPSetTile(G_IM_FMT_CI, G_IM_SIZ_8b_LOAD_BLOCK, 0, 0, 7, 0, G_TX_WRAP | G_TX_NOMIRROR, 0, 0, G_TX_WRAP | G_TX_NOMIRROR, 0, 0),
	gsDPLoadBlock(7, 0, 0, 511, 512),
	gsDPSetTile(G_IM_FMT_CI, G_IM_SIZ_8b, 4, 0, 0, 0, G_TX_WRAP | G_TX_NOMIRROR, 5, 0, G_TX_WRAP | G_TX_NOMIRROR, 5, 0),
	gsDPSetTileSize(0, 0, 0, 124, 124),
	gsSPVertex(ccm_dl_Plane_012_mesh_layer_1_vtx_0 + 0, 56, 0),
	gsSP2Triangles(0, 1, 2, 0, 0, 2, 3, 0),
	gsSP2Triangles(4, 5, 6, 0, 4, 6, 7, 0),
	gsSP2Triangles(8, 9, 10, 0, 8, 10, 11, 0),
	gsSP2Triangles(12, 13, 14, 0, 12, 14, 15, 0),
	gsSP2Triangles(16, 17, 18, 0, 16, 18, 19, 0),
	gsSP2Triangles(20, 21, 22, 0, 20, 22, 23, 0),
	gsSP2Triangles(24, 25, 26, 0, 24, 26, 27, 0),
	gsSP2Triangles(28, 29, 30, 0, 28, 30, 31, 0),
	gsSP2Triangles(32, 33, 34, 0, 32, 34, 35, 0),
	gsSP2Triangles(36, 37, 38, 0, 36, 38, 39, 0),
	gsSP2Triangles(40, 41, 42, 0, 40, 42, 43, 0),
	gsSP2Triangles(44, 45, 46, 0, 44, 46, 47, 0),
	gsSP2Triangles(48, 49, 50, 0, 48, 50, 51, 0),
	gsSP2Triangles(52, 53, 54, 0, 52, 54, 55, 0),
	gsSPVertex(ccm_dl_Plane_012_mesh_layer_1_vtx_0 + 56, 52, 0),
	gsSP2Triangles(0, 1, 2, 0, 0, 2, 3, 0),
	gsSP2Triangles(4, 5, 6, 0, 4, 6, 7, 0),
	gsSP2Triangles(8, 9, 10, 0, 8, 10, 11, 0),
	gsSP2Triangles(12, 13, 14, 0, 12, 14, 15, 0),
	gsSP2Triangles(16, 17, 18, 0, 16, 18, 19, 0),
	gsSP2Triangles(20, 21, 22, 0, 20, 22, 23, 0),
	gsSP2Triangles(24, 25, 26, 0, 24, 26, 27, 0),
	gsSP2Triangles(28, 29, 30, 0, 28, 30, 31, 0),
	gsSP2Triangles(32, 33, 34, 0, 32, 34, 35, 0),
	gsSP2Triangles(36, 37, 38, 0, 36, 38, 39, 0),
	gsSP2Triangles(40, 41, 42, 0, 40, 43, 41, 0),
	gsSP2Triangles(44, 43, 40, 0, 44, 45, 43, 0),
	gsSP2Triangles(46, 47, 48, 0, 46, 48, 49, 0),
	gsSP2Triangles(49, 48, 50, 0, 49, 50, 51, 0),
	gsDPPipeSync(),
	gsSPLoadGeometryMode(G_ZBUFFER | G_SHADE | G_CULL_BACK | G_LIGHTING | G_SHADING_SMOOTH),
	gsSPSetOtherMode(G_SETOTHERMODE_H, 4, 20, G_CD_MAGICSQ | G_AD_DISABLE | G_CK_NONE | G_TC_FILT | G_TF_BILERP | G_TT_NONE | G_TL_TILE | G_TD_CLAMP | G_TP_PERSP | G_CYC_1CYCLE | G_PM_1PRIMITIVE),
	gsDPSetCombineLERP(0, 0, 0, SHADE, 0, 0, 0, ENVIRONMENT, 0, 0, 0, SHADE, 0, 0, 0, ENVIRONMENT),
	gsSPTexture(65535, 65535, 0, 0, 0),
	gsDPSetEnvColor(255, 255, 255, 255),
	gsDPSetAlphaCompare(G_AC_NONE),
	gsSPEndDisplayList(),
};

Gfx ccm_dl_Plane_006_mesh_layer_1[] = {
	gsSPClearGeometryMode(G_LIGHTING),
	gsSPVertex(ccm_dl_Plane_006_mesh_layer_1_vtx_cull + 0, 8, 0),
	gsSPSetGeometryMode(G_LIGHTING),
	gsSPCullDisplayList(0, 7),
	gsSPLoadGeometryMode(G_ZBUFFER | G_SHADE | G_CULL_BACK | G_SHADING_SMOOTH),
	gsDPSetCombineLERP(TEXEL0, 0, SHADE, 0, ENVIRONMENT, 0, SHADE, 0, TEXEL0, 0, SHADE, 0, ENVIRONMENT, 0, SHADE, 0),
	gsSPSetOtherMode(G_SETOTHERMODE_H, 4, 20, G_AD_NOISE | G_CD_MAGICSQ | G_CK_NONE | G_TC_FILT | G_TF_BILERP | G_TT_RGBA16 | G_TL_TILE | G_TD_CLAMP | G_TP_PERSP | G_CYC_1CYCLE | G_PM_1PRIMITIVE),
	gsSPSetOtherMode(G_SETOTHERMODE_L, 0, 3, G_AC_NONE | G_ZS_PIXEL),
	gsSPTexture(65535, 65535, 0, 0, 1),
	gsDPSetTextureImage(G_IM_FMT_RGBA, G_IM_SIZ_16b, 1, ccm_dl__0_pal_rgba16),
	gsDPSetTile(0, 0, 0, 256, 5, 0, G_TX_WRAP | G_TX_NOMIRROR, 0, 0, G_TX_WRAP | G_TX_NOMIRROR, 0, 0),
	gsDPLoadTLUTCmd(5, 65),
	gsDPSetTextureImage(G_IM_FMT_CI, G_IM_SIZ_8b_LOAD_BLOCK, 1, ccm_dl__0_ci8),
	gsDPSetTile(G_IM_FMT_CI, G_IM_SIZ_8b_LOAD_BLOCK, 0, 0, 7, 0, G_TX_WRAP | G_TX_NOMIRROR, 0, 0, G_TX_WRAP | G_TX_NOMIRROR, 0, 0),
	gsDPLoadBlock(7, 0, 0, 127, 1024),
	gsDPSetTile(G_IM_FMT_CI, G_IM_SIZ_8b, 2, 0, 0, 0, G_TX_WRAP | G_TX_NOMIRROR, 4, 0, G_TX_WRAP | G_TX_NOMIRROR, 4, 0),
	gsDPSetTileSize(0, 0, 0, 60, 60),
	gsSPVertex(ccm_dl_Plane_006_mesh_layer_1_vtx_0 + 0, 16, 0),
	gsSP2Triangles(0, 1, 2, 0, 0, 3, 1, 0),
	gsSP2Triangles(0, 4, 3, 0, 0, 5, 4, 0),
	gsSP2Triangles(5, 0, 2, 0, 5, 2, 6, 0),
	gsSP2Triangles(4, 5, 6, 0, 4, 6, 7, 0),
	gsSP2Triangles(3, 4, 7, 0, 3, 7, 1, 0),
	gsSP2Triangles(8, 9, 10, 0, 8, 11, 9, 0),
	gsSP2Triangles(8, 12, 11, 0, 8, 13, 12, 0),
	gsSP2Triangles(13, 8, 10, 0, 13, 10, 14, 0),
	gsSP2Triangles(12, 13, 14, 0, 12, 14, 15, 0),
	gsSP2Triangles(11, 12, 15, 0, 11, 15, 9, 0),
	gsDPPipeSync(),
	gsSPLoadGeometryMode(G_ZBUFFER | G_SHADE | G_CULL_BACK | G_LIGHTING | G_SHADING_SMOOTH),
	gsSPSetOtherMode(G_SETOTHERMODE_H, 4, 20, G_CD_MAGICSQ | G_AD_DISABLE | G_CK_NONE | G_TC_FILT | G_TF_BILERP | G_TT_NONE | G_TL_TILE | G_TD_CLAMP | G_TP_PERSP | G_CYC_1CYCLE | G_PM_1PRIMITIVE),
	gsSPEndDisplayList(),
};

Gfx ccm_dl_Plane_007_mesh_layer_1[] = {
	gsSPClearGeometryMode(G_LIGHTING),
	gsSPVertex(ccm_dl_Plane_007_mesh_layer_1_vtx_cull + 0, 8, 0),
	gsSPSetGeometryMode(G_LIGHTING),
	gsSPCullDisplayList(0, 7),
	gsSPLoadGeometryMode(G_ZBUFFER | G_SHADE | G_CULL_BACK | G_SHADING_SMOOTH),
	gsDPSetCombineLERP(TEXEL0, 0, SHADE, 0, ENVIRONMENT, 0, SHADE, 0, TEXEL0, 0, SHADE, 0, ENVIRONMENT, 0, SHADE, 0),
	gsSPSetOtherMode(G_SETOTHERMODE_H, 4, 20, G_AD_NOISE | G_CD_MAGICSQ | G_CK_NONE | G_TC_FILT | G_TF_BILERP | G_TT_RGBA16 | G_TL_TILE | G_TD_CLAMP | G_TP_PERSP | G_CYC_1CYCLE | G_PM_1PRIMITIVE),
	gsSPSetOtherMode(G_SETOTHERMODE_L, 0, 3, G_AC_NONE | G_ZS_PIXEL),
	gsSPTexture(65535, 65535, 0, 0, 1),
	gsDPSetTextureImage(G_IM_FMT_RGBA, G_IM_SIZ_16b, 1, ccm_dl__5_pal_rgba16),
	gsDPSetTile(0, 0, 0, 256, 5, 0, G_TX_WRAP | G_TX_NOMIRROR, 0, 0, G_TX_WRAP | G_TX_NOMIRROR, 0, 0),
	gsDPLoadTLUTCmd(5, 138),
	gsDPSetTextureImage(G_IM_FMT_CI, G_IM_SIZ_8b_LOAD_BLOCK, 1, ccm_dl__5_ci8),
	gsDPSetTile(G_IM_FMT_CI, G_IM_SIZ_8b_LOAD_BLOCK, 0, 0, 7, 0, G_TX_WRAP | G_TX_NOMIRROR, 0, 0, G_TX_WRAP | G_TX_NOMIRROR, 0, 0),
	gsDPLoadBlock(7, 0, 0, 127, 1024),
	gsDPSetTile(G_IM_FMT_CI, G_IM_SIZ_8b, 2, 0, 0, 0, G_TX_WRAP | G_TX_NOMIRROR, 4, 0, G_TX_WRAP | G_TX_NOMIRROR, 4, 0),
	gsDPSetTileSize(0, 0, 0, 60, 60),
	gsSPVertex(ccm_dl_Plane_007_mesh_layer_1_vtx_0 + 0, 56, 0),
	gsSP2Triangles(0, 1, 2, 0, 0, 3, 1, 0),
	gsSP2Triangles(4, 3, 0, 0, 4, 0, 5, 0),
	gsSP2Triangles(5, 0, 2, 0, 5, 2, 6, 0),
	gsSP2Triangles(4, 5, 6, 0, 4, 6, 7, 0),
	gsSP2Triangles(3, 4, 7, 0, 3, 7, 1, 0),
	gsSP2Triangles(8, 9, 10, 0, 8, 11, 9, 0),
	gsSP2Triangles(12, 11, 8, 0, 12, 8, 10, 0),
	gsSP2Triangles(12, 10, 13, 0, 14, 12, 13, 0),
	gsSP2Triangles(14, 13, 15, 0, 11, 14, 15, 0),
	gsSP2Triangles(11, 15, 9, 0, 12, 14, 11, 0),
	gsSP2Triangles(16, 17, 18, 0, 16, 19, 17, 0),
	gsSP2Triangles(16, 20, 19, 0, 16, 21, 20, 0),
	gsSP2Triangles(21, 16, 18, 0, 21, 18, 22, 0),
	gsSP2Triangles(20, 21, 22, 0, 20, 22, 23, 0),
	gsSP2Triangles(19, 20, 23, 0, 19, 23, 17, 0),
	gsSP2Triangles(24, 25, 26, 0, 24, 27, 25, 0),
	gsSP2Triangles(28, 27, 24, 0, 28, 24, 29, 0),
	gsSP2Triangles(29, 24, 26, 0, 29, 26, 30, 0),
	gsSP2Triangles(28, 29, 30, 0, 28, 30, 31, 0),
	gsSP2Triangles(27, 28, 31, 0, 27, 31, 25, 0),
	gsSP2Triangles(32, 33, 34, 0, 32, 35, 33, 0),
	gsSP2Triangles(36, 35, 32, 0, 36, 32, 37, 0),
	gsSP2Triangles(37, 32, 34, 0, 37, 34, 38, 0),
	gsSP2Triangles(36, 37, 38, 0, 36, 38, 39, 0),
	gsSP2Triangles(35, 36, 39, 0, 35, 39, 33, 0),
	gsSP2Triangles(40, 41, 42, 0, 40, 43, 41, 0),
	gsSP2Triangles(40, 44, 43, 0, 40, 45, 44, 0),
	gsSP2Triangles(45, 40, 42, 0, 45, 42, 46, 0),
	gsSP2Triangles(44, 45, 46, 0, 44, 46, 47, 0),
	gsSP2Triangles(43, 44, 47, 0, 43, 47, 41, 0),
	gsSP2Triangles(48, 49, 50, 0, 48, 51, 49, 0),
	gsSP2Triangles(48, 52, 51, 0, 48, 53, 52, 0),
	gsSP2Triangles(53, 48, 50, 0, 53, 50, 54, 0),
	gsSP2Triangles(52, 53, 54, 0, 52, 54, 55, 0),
	gsSP2Triangles(51, 52, 55, 0, 51, 55, 49, 0),
	gsDPPipeSync(),
	gsDPSetCombineLERP(TEXEL0, 0, PRIMITIVE, 0, 0, 0, 0, PRIMITIVE, TEXEL0, 0, PRIMITIVE, 0, 0, 0, 0, PRIMITIVE),
	gsDPSetPrimColor(0, 0, 58, 58, 58, 128),
	gsDPSetTextureImage(G_IM_FMT_RGBA, G_IM_SIZ_16b, 1, ccm_dl__6_pal_rgba16),
	gsDPLoadTLUTCmd(5, 19),
	gsDPSetTextureImage(G_IM_FMT_CI, G_IM_SIZ_8b_LOAD_BLOCK, 1, ccm_dl__6_ci8),
	gsDPLoadBlock(7, 0, 0, 511, 512),
	gsDPSetTile(G_IM_FMT_CI, G_IM_SIZ_8b, 4, 0, 0, 0, G_TX_WRAP | G_TX_NOMIRROR, 5, 0, G_TX_WRAP | G_TX_NOMIRROR, 5, 0),
	gsDPSetTileSize(0, 0, 0, 124, 124),
	gsSPVertex(ccm_dl_Plane_007_mesh_layer_1_vtx_1 + 0, 56, 0),
	gsSP2Triangles(0, 1, 2, 0, 0, 2, 3, 0),
	gsSP2Triangles(4, 5, 6, 0, 4, 6, 7, 0),
	gsSP2Triangles(8, 9, 10, 0, 8, 10, 11, 0),
	gsSP2Triangles(12, 13, 14, 0, 12, 14, 15, 0),
	gsSP2Triangles(16, 17, 18, 0, 16, 18, 19, 0),
	gsSP2Triangles(20, 21, 22, 0, 20, 22, 23, 0),
	gsSP2Triangles(24, 25, 26, 0, 24, 26, 27, 0),
	gsSP2Triangles(28, 29, 30, 0, 28, 30, 31, 0),
	gsSP2Triangles(32, 33, 34, 0, 32, 34, 35, 0),
	gsSP2Triangles(36, 37, 38, 0, 36, 38, 39, 0),
	gsSP2Triangles(40, 41, 42, 0, 40, 42, 43, 0),
	gsSP2Triangles(44, 45, 46, 0, 44, 46, 47, 0),
	gsSP2Triangles(48, 49, 50, 0, 48, 50, 51, 0),
	gsSP2Triangles(52, 53, 54, 0, 52, 54, 55, 0),
	gsSPVertex(ccm_dl_Plane_007_mesh_layer_1_vtx_1 + 56, 52, 0),
	gsSP2Triangles(0, 1, 2, 0, 0, 2, 3, 0),
	gsSP2Triangles(4, 5, 6, 0, 4, 6, 7, 0),
	gsSP2Triangles(8, 9, 10, 0, 8, 10, 11, 0),
	gsSP2Triangles(12, 13, 14, 0, 12, 14, 15, 0),
	gsSP2Triangles(16, 17, 18, 0, 16, 18, 19, 0),
	gsSP2Triangles(20, 21, 22, 0, 20, 22, 23, 0),
	gsSP2Triangles(24, 25, 26, 0, 24, 26, 27, 0),
	gsSP2Triangles(28, 29, 30, 0, 28, 30, 31, 0),
	gsSP2Triangles(32, 33, 34, 0, 32, 34, 35, 0),
	gsSP2Triangles(36, 37, 38, 0, 36, 38, 39, 0),
	gsSP2Triangles(40, 41, 42, 0, 40, 43, 41, 0),
	gsSP2Triangles(44, 43, 40, 0, 44, 45, 43, 0),
	gsSP2Triangles(46, 47, 48, 0, 46, 49, 47, 0),
	gsSP2Triangles(50, 49, 46, 0, 50, 51, 49, 0),
	gsDPPipeSync(),
	gsDPSetCombineLERP(TEXEL0, 0, SHADE, 0, ENVIRONMENT, 0, SHADE, 0, TEXEL0, 0, SHADE, 0, ENVIRONMENT, 0, SHADE, 0),
	gsDPSetTextureImage(G_IM_FMT_RGBA, G_IM_SIZ_16b, 1, ccm_dl__3_pal_rgba16),
	gsDPLoadTLUTCmd(5, 143),
	gsDPSetTextureImage(G_IM_FMT_CI, G_IM_SIZ_8b_LOAD_BLOCK, 1, ccm_dl__3_ci8),
	gsDPLoadBlock(7, 0, 0, 127, 1024),
	gsDPSetTile(G_IM_FMT_CI, G_IM_SIZ_8b, 2, 0, 0, 0, G_TX_WRAP | G_TX_NOMIRROR, 4, 0, G_TX_WRAP | G_TX_NOMIRROR, 4, 0),
	gsDPSetTileSize(0, 0, 0, 60, 60),
	gsSPVertex(ccm_dl_Plane_007_mesh_layer_1_vtx_2 + 0, 56, 0),
	gsSP2Triangles(0, 1, 2, 0, 0, 3, 1, 0),
	gsSP2Triangles(4, 3, 0, 0, 4, 0, 5, 0),
	gsSP2Triangles(5, 0, 2, 0, 5, 2, 6, 0),
	gsSP2Triangles(4, 5, 6, 0, 4, 6, 7, 0),
	gsSP2Triangles(3, 4, 7, 0, 3, 7, 1, 0),
	gsSP2Triangles(8, 9, 10, 0, 8, 11, 9, 0),
	gsSP2Triangles(11, 8, 12, 0, 12, 8, 10, 0),
	gsSP2Triangles(12, 10, 13, 0, 14, 12, 13, 0),
	gsSP2Triangles(14, 13, 15, 0, 11, 14, 15, 0),
	gsSP2Triangles(11, 15, 9, 0, 11, 12, 14, 0),
	gsSP2Triangles(16, 17, 18, 0, 16, 19, 17, 0),
	gsSP2Triangles(20, 19, 16, 0, 20, 16, 21, 0),
	gsSP2Triangles(21, 16, 18, 0, 21, 18, 22, 0),
	gsSP2Triangles(20, 21, 22, 0, 20, 22, 23, 0),
	gsSP2Triangles(19, 20, 23, 0, 19, 23, 17, 0),
	gsSP2Triangles(24, 25, 26, 0, 24, 27, 25, 0),
	gsSP2Triangles(28, 27, 24, 0, 28, 24, 29, 0),
	gsSP2Triangles(29, 24, 26, 0, 29, 26, 30, 0),
	gsSP2Triangles(28, 29, 30, 0, 28, 30, 31, 0),
	gsSP2Triangles(27, 28, 31, 0, 27, 31, 25, 0),
	gsSP2Triangles(32, 33, 34, 0, 32, 35, 33, 0),
	gsSP2Triangles(36, 35, 32, 0, 36, 32, 37, 0),
	gsSP2Triangles(37, 32, 34, 0, 37, 34, 38, 0),
	gsSP2Triangles(36, 37, 38, 0, 36, 38, 39, 0),
	gsSP2Triangles(35, 36, 39, 0, 35, 39, 33, 0),
	gsSP2Triangles(40, 41, 42, 0, 40, 43, 41, 0),
	gsSP2Triangles(43, 40, 44, 0, 44, 40, 42, 0),
	gsSP2Triangles(44, 42, 45, 0, 46, 44, 45, 0),
	gsSP2Triangles(46, 45, 47, 0, 43, 46, 47, 0),
	gsSP2Triangles(43, 47, 41, 0, 43, 44, 46, 0),
	gsSP2Triangles(48, 49, 50, 0, 48, 51, 49, 0),
	gsSP2Triangles(51, 48, 52, 0, 52, 48, 50, 0),
	gsSP2Triangles(52, 50, 53, 0, 54, 52, 53, 0),
	gsSP2Triangles(54, 53, 55, 0, 51, 54, 55, 0),
	gsSP2Triangles(51, 55, 49, 0, 51, 52, 54, 0),
	gsDPPipeSync(),
	gsSPLoadGeometryMode(G_ZBUFFER | G_SHADE | G_CULL_BACK | G_LIGHTING | G_SHADING_SMOOTH),
	gsSPSetOtherMode(G_SETOTHERMODE_H, 4, 20, G_CD_MAGICSQ | G_AD_DISABLE | G_CK_NONE | G_TC_FILT | G_TF_BILERP | G_TT_NONE | G_TL_TILE | G_TD_CLAMP | G_TP_PERSP | G_CYC_1CYCLE | G_PM_1PRIMITIVE),
	gsSPEndDisplayList(),
};

Gfx ccm_dl_Plane_009_mesh_layer_1[] = {
	gsSPClearGeometryMode(G_LIGHTING),
	gsSPVertex(ccm_dl_Plane_009_mesh_layer_1_vtx_cull + 0, 8, 0),
	gsSPSetGeometryMode(G_LIGHTING),
	gsSPCullDisplayList(0, 7),
	gsSPLoadGeometryMode(G_ZBUFFER | G_SHADE | G_CULL_BACK | G_SHADING_SMOOTH),
	gsDPSetCombineLERP(TEXEL0, 0, SHADE, 0, ENVIRONMENT, 0, SHADE, 0, TEXEL0, 0, SHADE, 0, ENVIRONMENT, 0, SHADE, 0),
	gsSPSetOtherMode(G_SETOTHERMODE_H, 4, 20, G_AD_NOISE | G_CD_MAGICSQ | G_CK_NONE | G_TC_FILT | G_TF_BILERP | G_TT_RGBA16 | G_TL_TILE | G_TD_CLAMP | G_TP_PERSP | G_CYC_1CYCLE | G_PM_1PRIMITIVE),
	gsSPSetOtherMode(G_SETOTHERMODE_L, 0, 3, G_AC_NONE | G_ZS_PIXEL),
	gsSPTexture(65535, 65535, 0, 0, 1),
	gsDPSetTextureImage(G_IM_FMT_RGBA, G_IM_SIZ_16b, 1, ccm_dl__3_pal_rgba16_copy),
	gsDPSetTile(0, 0, 0, 256, 5, 0, G_TX_WRAP | G_TX_NOMIRROR, 0, 0, G_TX_WRAP | G_TX_NOMIRROR, 0, 0),
	gsDPLoadTLUTCmd(5, 74),
	gsDPSetTextureImage(G_IM_FMT_CI, G_IM_SIZ_8b_LOAD_BLOCK, 1, ccm_dl__3_ci8_copy),
	gsDPSetTile(G_IM_FMT_CI, G_IM_SIZ_8b_LOAD_BLOCK, 0, 0, 7, 0, G_TX_WRAP | G_TX_NOMIRROR, 0, 0, G_TX_WRAP | G_TX_NOMIRROR, 0, 0),
	gsDPLoadBlock(7, 0, 0, 511, 512),
	gsDPSetTile(G_IM_FMT_CI, G_IM_SIZ_8b, 4, 0, 0, 0, G_TX_WRAP | G_TX_NOMIRROR, 5, 0, G_TX_WRAP | G_TX_NOMIRROR, 5, 0),
	gsDPSetTileSize(0, 0, 0, 124, 124),
	gsSPVertex(ccm_dl_Plane_009_mesh_layer_1_vtx_0 + 0, 56, 0),
	gsSP2Triangles(0, 1, 2, 0, 0, 3, 1, 0),
	gsSP2Triangles(4, 3, 0, 0, 5, 4, 0, 0),
	gsSP2Triangles(5, 0, 6, 0, 6, 0, 2, 0),
	gsSP2Triangles(6, 2, 7, 0, 8, 6, 7, 0),
	gsSP2Triangles(8, 7, 9, 0, 10, 8, 9, 0),
	gsSP2Triangles(10, 9, 11, 0, 12, 10, 11, 0),
	gsSP2Triangles(12, 11, 13, 0, 14, 12, 13, 0),
	gsSP2Triangles(14, 13, 15, 0, 16, 14, 15, 0),
	gsSP2Triangles(16, 15, 17, 0, 18, 16, 17, 0),
	gsSP2Triangles(18, 17, 19, 0, 20, 18, 19, 0),
	gsSP2Triangles(20, 19, 21, 0, 22, 20, 21, 0),
	gsSP2Triangles(22, 21, 23, 0, 24, 22, 23, 0),
	gsSP2Triangles(24, 23, 25, 0, 26, 24, 25, 0),
	gsSP2Triangles(26, 25, 27, 0, 28, 26, 27, 0),
	gsSP2Triangles(28, 27, 29, 0, 30, 28, 29, 0),
	gsSP2Triangles(30, 29, 31, 0, 32, 30, 31, 0),
	gsSP2Triangles(32, 31, 33, 0, 3, 32, 33, 0),
	gsSP2Triangles(3, 33, 1, 0, 34, 32, 3, 0),
	gsSP2Triangles(34, 35, 32, 0, 36, 35, 34, 0),
	gsSP2Triangles(37, 36, 34, 0, 37, 34, 4, 0),
	gsSP2Triangles(4, 34, 3, 0, 38, 37, 4, 0),
	gsSP2Triangles(39, 37, 38, 0, 40, 39, 38, 0),
	gsSP2Triangles(40, 38, 41, 0, 41, 38, 5, 0),
	gsSP2Triangles(38, 4, 5, 0, 41, 5, 42, 0),
	gsSP2Triangles(42, 5, 6, 0, 42, 6, 8, 0),
	gsSP2Triangles(43, 42, 8, 0, 43, 8, 10, 0),
	gsSP2Triangles(44, 43, 10, 0, 44, 10, 12, 0),
	gsSP2Triangles(45, 44, 12, 0, 45, 12, 14, 0),
	gsSP2Triangles(46, 45, 14, 0, 46, 14, 16, 0),
	gsSP2Triangles(47, 46, 16, 0, 47, 16, 18, 0),
	gsSP2Triangles(48, 47, 18, 0, 48, 18, 20, 0),
	gsSP2Triangles(49, 48, 20, 0, 49, 20, 22, 0),
	gsSP2Triangles(50, 49, 22, 0, 50, 22, 24, 0),
	gsSP2Triangles(51, 50, 24, 0, 51, 24, 26, 0),
	gsSP2Triangles(52, 51, 26, 0, 52, 26, 28, 0),
	gsSP2Triangles(53, 52, 28, 0, 53, 28, 30, 0),
	gsSP2Triangles(35, 53, 30, 0, 35, 30, 32, 0),
	gsSP2Triangles(54, 53, 35, 0, 54, 55, 53, 0),
	gsSPVertex(ccm_dl_Plane_009_mesh_layer_1_vtx_0 + 56, 56, 0),
	gsSP2Triangles(0, 1, 2, 0, 3, 0, 2, 0),
	gsSP2Triangles(3, 2, 4, 0, 4, 2, 5, 0),
	gsSP2Triangles(6, 3, 4, 0, 6, 0, 3, 0),
	gsSP2Triangles(6, 7, 0, 0, 8, 7, 6, 0),
	gsSP2Triangles(8, 6, 9, 0, 6, 4, 9, 0),
	gsSP2Triangles(8, 10, 7, 0, 11, 10, 8, 0),
	gsSP2Triangles(11, 12, 10, 0, 13, 12, 11, 0),
	gsSP2Triangles(13, 11, 14, 0, 13, 14, 15, 0),
	gsSP2Triangles(15, 14, 16, 0, 15, 16, 17, 0),
	gsSP2Triangles(18, 15, 17, 0, 18, 17, 19, 0),
	gsSP2Triangles(20, 18, 19, 0, 20, 19, 21, 0),
	gsSP2Triangles(22, 20, 21, 0, 22, 21, 23, 0),
	gsSP2Triangles(24, 22, 23, 0, 24, 23, 25, 0),
	gsSP2Triangles(26, 24, 25, 0, 26, 25, 27, 0),
	gsSP2Triangles(28, 26, 27, 0, 28, 27, 29, 0),
	gsSP2Triangles(30, 28, 29, 0, 30, 29, 31, 0),
	gsSP2Triangles(32, 30, 31, 0, 32, 31, 33, 0),
	gsSP2Triangles(34, 32, 33, 0, 34, 33, 35, 0),
	gsSP2Triangles(1, 34, 35, 0, 1, 35, 36, 0),
	gsSP2Triangles(37, 34, 1, 0, 37, 38, 34, 0),
	gsSP2Triangles(39, 38, 37, 0, 7, 39, 37, 0),
	gsSP2Triangles(7, 37, 0, 0, 0, 37, 1, 0),
	gsSP2Triangles(10, 39, 7, 0, 10, 40, 39, 0),
	gsSP2Triangles(12, 40, 10, 0, 12, 41, 40, 0),
	gsSP2Triangles(42, 41, 12, 0, 13, 42, 12, 0),
	gsSP2Triangles(42, 13, 15, 0, 42, 15, 18, 0),
	gsSP2Triangles(43, 42, 18, 0, 43, 18, 20, 0),
	gsSP2Triangles(44, 43, 20, 0, 44, 20, 22, 0),
	gsSP2Triangles(45, 44, 22, 0, 45, 22, 24, 0),
	gsSP2Triangles(46, 45, 24, 0, 46, 24, 26, 0),
	gsSP2Triangles(47, 46, 26, 0, 47, 26, 28, 0),
	gsSP2Triangles(48, 47, 28, 0, 48, 28, 30, 0),
	gsSP2Triangles(49, 48, 30, 0, 49, 30, 32, 0),
	gsSP2Triangles(38, 49, 32, 0, 38, 32, 34, 0),
	gsSP2Triangles(50, 49, 38, 0, 50, 48, 49, 0),
	gsSP2Triangles(51, 48, 50, 0, 40, 51, 50, 0),
	gsSP2Triangles(40, 50, 39, 0, 39, 50, 38, 0),
	gsSP2Triangles(41, 51, 40, 0, 41, 52, 51, 0),
	gsSP2Triangles(43, 52, 41, 0, 42, 43, 41, 0),
	gsSP2Triangles(43, 44, 52, 0, 44, 46, 52, 0),
	gsSP2Triangles(44, 45, 46, 0, 52, 46, 47, 0),
	gsSP2Triangles(52, 47, 51, 0, 51, 47, 48, 0),
	gsSP1Triangle(53, 54, 55, 0),
	gsSPVertex(ccm_dl_Plane_009_mesh_layer_1_vtx_0 + 112, 56, 0),
	gsSP2Triangles(0, 1, 2, 0, 3, 0, 2, 0),
	gsSP2Triangles(3, 2, 4, 0, 4, 2, 5, 0),
	gsSP2Triangles(2, 6, 5, 0, 5, 6, 7, 0),
	gsSP2Triangles(5, 7, 8, 0, 8, 7, 9, 0),
	gsSP2Triangles(8, 9, 10, 0, 10, 9, 11, 0),
	gsSP2Triangles(10, 11, 12, 0, 12, 11, 13, 0),
	gsSP2Triangles(12, 13, 14, 0, 14, 13, 15, 0),
	gsSP2Triangles(14, 15, 16, 0, 16, 15, 17, 0),
	gsSP2Triangles(16, 17, 18, 0, 18, 17, 19, 0),
	gsSP2Triangles(18, 19, 20, 0, 20, 19, 21, 0),
	gsSP2Triangles(20, 21, 22, 0, 22, 21, 23, 0),
	gsSP2Triangles(22, 23, 24, 0, 24, 23, 25, 0),
	gsSP2Triangles(24, 25, 26, 0, 26, 25, 27, 0),
	gsSP2Triangles(26, 27, 28, 0, 28, 27, 29, 0),
	gsSP2Triangles(28, 29, 30, 0, 30, 29, 31, 0),
	gsSP2Triangles(30, 31, 32, 0, 32, 31, 33, 0),
	gsSP2Triangles(32, 33, 0, 0, 0, 33, 1, 0),
	gsSP2Triangles(34, 32, 0, 0, 35, 32, 34, 0),
	gsSP2Triangles(36, 35, 34, 0, 36, 34, 37, 0),
	gsSP2Triangles(37, 34, 3, 0, 34, 0, 3, 0),
	gsSP2Triangles(37, 3, 38, 0, 38, 3, 4, 0),
	gsSP2Triangles(38, 4, 39, 0, 39, 4, 40, 0),
	gsSP2Triangles(4, 5, 40, 0, 40, 5, 8, 0),
	gsSP2Triangles(40, 8, 41, 0, 41, 8, 10, 0),
	gsSP2Triangles(41, 10, 42, 0, 42, 10, 12, 0),
	gsSP2Triangles(42, 12, 43, 0, 43, 12, 14, 0),
	gsSP2Triangles(43, 14, 44, 0, 44, 14, 16, 0),
	gsSP2Triangles(44, 16, 45, 0, 45, 16, 18, 0),
	gsSP2Triangles(45, 18, 46, 0, 46, 18, 20, 0),
	gsSP2Triangles(46, 20, 47, 0, 47, 20, 22, 0),
	gsSP2Triangles(47, 22, 48, 0, 48, 22, 24, 0),
	gsSP2Triangles(48, 24, 49, 0, 49, 24, 26, 0),
	gsSP2Triangles(49, 26, 50, 0, 50, 26, 28, 0),
	gsSP2Triangles(50, 28, 51, 0, 51, 28, 30, 0),
	gsSP2Triangles(51, 30, 35, 0, 35, 30, 32, 0),
	gsSP2Triangles(52, 51, 35, 0, 53, 51, 52, 0),
	gsSP2Triangles(54, 53, 52, 0, 54, 52, 55, 0),
	gsSP2Triangles(55, 52, 36, 0, 52, 35, 36, 0),
	gsSPVertex(ccm_dl_Plane_009_mesh_layer_1_vtx_0 + 168, 52, 0),
	gsSP2Triangles(0, 1, 2, 0, 2, 1, 3, 0),
	gsSP2Triangles(2, 3, 4, 0, 4, 3, 5, 0),
	gsSP2Triangles(4, 5, 6, 0, 6, 5, 7, 0),
	gsSP2Triangles(6, 7, 8, 0, 8, 7, 9, 0),
	gsSP2Triangles(7, 10, 9, 0, 9, 10, 11, 0),
	gsSP2Triangles(9, 11, 12, 0, 12, 11, 13, 0),
	gsSP2Triangles(12, 13, 14, 0, 14, 13, 15, 0),
	gsSP2Triangles(14, 15, 16, 0, 16, 15, 17, 0),
	gsSP2Triangles(16, 17, 18, 0, 18, 17, 19, 0),
	gsSP2Triangles(18, 19, 20, 0, 20, 19, 21, 0),
	gsSP2Triangles(20, 21, 22, 0, 22, 21, 23, 0),
	gsSP2Triangles(22, 23, 24, 0, 24, 23, 25, 0),
	gsSP2Triangles(24, 25, 26, 0, 26, 25, 27, 0),
	gsSP2Triangles(26, 27, 28, 0, 28, 27, 29, 0),
	gsSP2Triangles(28, 29, 30, 0, 30, 29, 31, 0),
	gsSP2Triangles(32, 28, 30, 0, 33, 28, 32, 0),
	gsSP2Triangles(32, 34, 33, 0, 32, 35, 34, 0),
	gsSP2Triangles(36, 35, 32, 0, 32, 30, 36, 0),
	gsSP2Triangles(36, 37, 35, 0, 0, 37, 36, 0),
	gsSP2Triangles(0, 38, 37, 0, 2, 38, 0, 0),
	gsSP2Triangles(2, 4, 38, 0, 4, 39, 38, 0),
	gsSP2Triangles(4, 6, 39, 0, 6, 40, 39, 0),
	gsSP2Triangles(6, 8, 40, 0, 8, 41, 40, 0),
	gsSP2Triangles(8, 42, 41, 0, 8, 9, 42, 0),
	gsSP2Triangles(42, 9, 12, 0, 42, 12, 41, 0),
	gsSP2Triangles(41, 12, 14, 0, 41, 14, 43, 0),
	gsSP2Triangles(43, 14, 16, 0, 43, 16, 44, 0),
	gsSP2Triangles(44, 16, 18, 0, 44, 18, 45, 0),
	gsSP2Triangles(45, 18, 20, 0, 45, 20, 46, 0),
	gsSP2Triangles(46, 20, 22, 0, 46, 22, 47, 0),
	gsSP2Triangles(47, 22, 24, 0, 47, 24, 34, 0),
	gsSP2Triangles(34, 24, 26, 0, 34, 26, 33, 0),
	gsSP2Triangles(33, 26, 28, 0, 35, 47, 34, 0),
	gsSP2Triangles(35, 48, 47, 0, 37, 48, 35, 0),
	gsSP2Triangles(37, 49, 48, 0, 38, 49, 37, 0),
	gsSP2Triangles(38, 39, 49, 0, 39, 50, 49, 0),
	gsSP2Triangles(39, 40, 50, 0, 40, 43, 50, 0),
	gsSP2Triangles(40, 41, 43, 0, 50, 43, 44, 0),
	gsSP2Triangles(50, 44, 51, 0, 51, 44, 45, 0),
	gsSP2Triangles(51, 45, 46, 0, 48, 51, 46, 0),
	gsSP2Triangles(48, 46, 47, 0, 49, 51, 48, 0),
	gsSP1Triangle(49, 50, 51, 0),
	gsDPPipeSync(),
	gsSPLoadGeometryMode(G_ZBUFFER | G_SHADE | G_CULL_BACK | G_LIGHTING | G_SHADING_SMOOTH),
	gsSPSetOtherMode(G_SETOTHERMODE_H, 4, 20, G_CD_MAGICSQ | G_AD_DISABLE | G_CK_NONE | G_TC_FILT | G_TF_BILERP | G_TT_NONE | G_TL_TILE | G_TD_CLAMP | G_TP_PERSP | G_CYC_1CYCLE | G_PM_1PRIMITIVE),
	gsDPSetCombineLERP(0, 0, 0, SHADE, 0, 0, 0, ENVIRONMENT, 0, 0, 0, SHADE, 0, 0, 0, ENVIRONMENT),
	gsSPTexture(65535, 65535, 0, 0, 0),
	gsDPSetEnvColor(255, 255, 255, 255),
	gsDPSetAlphaCompare(G_AC_NONE),
	gsSPEndDisplayList(),
};

Gfx ccm_dl_Plane_010_mesh_layer_4[] = {
	gsSPClearGeometryMode(G_LIGHTING),
	gsSPVertex(ccm_dl_Plane_010_mesh_layer_4_vtx_cull + 0, 8, 0),
	gsSPSetGeometryMode(G_LIGHTING),
	gsSPCullDisplayList(0, 7),
	gsSPLoadGeometryMode(G_ZBUFFER | G_SHADE | G_LIGHTING | G_SHADING_SMOOTH),
    gsSPLightColor(LIGHT_1, 0xffffffff),
    gsSPLightColor(LIGHT_2, 0x7f7f7fff),
	gsDPSetCombineLERP(TEXEL0, 0, SHADE, 0, TEXEL0, 0, ENVIRONMENT, 0, TEXEL0, 0, SHADE, 0, TEXEL0, 0, ENVIRONMENT, 0),
	gsSPSetOtherMode(G_SETOTHERMODE_H, 4, 20, G_AD_NOISE | G_CD_MAGICSQ | G_CK_NONE | G_TC_FILT | G_TF_BILERP | G_TT_NONE | G_TL_TILE | G_TD_CLAMP | G_TP_PERSP | G_CYC_1CYCLE | G_PM_1PRIMITIVE),
	gsSPSetOtherMode(G_SETOTHERMODE_L, 0, 3, G_AC_NONE | G_ZS_PIXEL),
	gsSPTexture(65535, 65535, 0, 0, 1),
	gsDPSetTextureImage(G_IM_FMT_RGBA, G_IM_SIZ_16b_LOAD_BLOCK, 1, ccm_dl_chains_rgba16),
	gsDPSetTile(G_IM_FMT_RGBA, G_IM_SIZ_16b_LOAD_BLOCK, 0, 0, 7, 0, G_TX_WRAP | G_TX_NOMIRROR, 0, 0, G_TX_WRAP | G_TX_NOMIRROR, 0, 0),
	gsDPLoadBlock(7, 0, 0, 2047, 256),
	gsDPSetTile(G_IM_FMT_RGBA, G_IM_SIZ_16b, 8, 0, 0, 0, G_TX_WRAP | G_TX_NOMIRROR, 6, 0, G_TX_WRAP | G_TX_NOMIRROR, 5, 0),
	gsDPSetTileSize(0, 0, 0, 124, 252),
	gsSPVertex(ccm_dl_Plane_010_mesh_layer_4_vtx_0 + 0, 8, 0),
	gsSP2Triangles(0, 1, 2, 0, 0, 2, 3, 0),
	gsSP2Triangles(4, 5, 6, 0, 4, 6, 7, 0),
	gsDPPipeSync(),
	gsSPLoadGeometryMode(G_ZBUFFER | G_SHADE | G_CULL_BACK | G_LIGHTING | G_SHADING_SMOOTH),
	gsSPSetOtherMode(G_SETOTHERMODE_H, 4, 20, G_CD_MAGICSQ | G_AD_DISABLE | G_CK_NONE | G_TC_FILT | G_TF_BILERP | G_TT_NONE | G_TL_TILE | G_TD_CLAMP | G_TP_PERSP | G_CYC_1CYCLE | G_PM_1PRIMITIVE),
	gsSPEndDisplayList(),
};

Gfx ccm_dl_Plane_011_mesh_layer_4[] = {
	gsSPClearGeometryMode(G_LIGHTING),
	gsSPVertex(ccm_dl_Plane_011_mesh_layer_4_vtx_cull + 0, 8, 0),
	gsSPSetGeometryMode(G_LIGHTING),
	gsSPCullDisplayList(0, 7),
	gsSPLoadGeometryMode(G_ZBUFFER | G_SHADE | G_LIGHTING | G_SHADING_SMOOTH),
    gsSPLightColor(LIGHT_1, 0xffffffff),
    gsSPLightColor(LIGHT_2, 0x7f7f7fff),
	gsDPSetCombineLERP(TEXEL0, 0, SHADE, 0, TEXEL0, 0, ENVIRONMENT, 0, TEXEL0, 0, SHADE, 0, TEXEL0, 0, ENVIRONMENT, 0),
	gsSPSetOtherMode(G_SETOTHERMODE_H, 4, 20, G_AD_NOISE | G_CD_MAGICSQ | G_CK_NONE | G_TC_FILT | G_TF_BILERP | G_TT_NONE | G_TL_TILE | G_TD_CLAMP | G_TP_PERSP | G_CYC_1CYCLE | G_PM_1PRIMITIVE),
	gsSPSetOtherMode(G_SETOTHERMODE_L, 0, 3, G_AC_NONE | G_ZS_PIXEL),
	gsSPTexture(65535, 65535, 0, 0, 1),
	gsDPSetTextureImage(G_IM_FMT_RGBA, G_IM_SIZ_16b_LOAD_BLOCK, 1, ccm_dl_chains_rgba16),
	gsDPSetTile(G_IM_FMT_RGBA, G_IM_SIZ_16b_LOAD_BLOCK, 0, 0, 7, 0, G_TX_WRAP | G_TX_NOMIRROR, 0, 0, G_TX_WRAP | G_TX_NOMIRROR, 0, 0),
	gsDPLoadBlock(7, 0, 0, 2047, 256),
	gsDPSetTile(G_IM_FMT_RGBA, G_IM_SIZ_16b, 8, 0, 0, 0, G_TX_WRAP | G_TX_NOMIRROR, 6, 0, G_TX_WRAP | G_TX_NOMIRROR, 5, 0),
	gsDPSetTileSize(0, 0, 0, 124, 252),
	gsSPVertex(ccm_dl_Plane_011_mesh_layer_4_vtx_0 + 0, 8, 0),
	gsSP2Triangles(0, 1, 2, 0, 0, 2, 3, 0),
	gsSP2Triangles(4, 5, 6, 0, 4, 6, 7, 0),
	gsDPPipeSync(),
	gsSPLoadGeometryMode(G_ZBUFFER | G_SHADE | G_CULL_BACK | G_LIGHTING | G_SHADING_SMOOTH),
	gsSPSetOtherMode(G_SETOTHERMODE_H, 4, 20, G_CD_MAGICSQ | G_AD_DISABLE | G_CK_NONE | G_TC_FILT | G_TF_BILERP | G_TT_NONE | G_TL_TILE | G_TD_CLAMP | G_TP_PERSP | G_CYC_1CYCLE | G_PM_1PRIMITIVE),
	gsDPSetCombineLERP(0, 0, 0, SHADE, 0, 0, 0, ENVIRONMENT, 0, 0, 0, SHADE, 0, 0, 0, ENVIRONMENT),
	gsSPTexture(65535, 65535, 0, 0, 0),
	gsDPSetEnvColor(255, 255, 255, 255),
	gsDPSetAlphaCompare(G_AC_NONE),
	gsSPEndDisplayList(),
};

